Weight(kg),Height(cm),Lifespan(years),Heart_Rate(bpm),Body_Fat_Percent(%),Leg_Length(cm),Birth_Weight(kg),Sleep_Duration(hours),Species
1.62,21.1,9.5,188,10.2,14.9,0.047,9.0,rabbit
10.32,37.0,10.2,84,18.1,25.4,0.416,12.0,dog
0.78,12.0,6.5,219,17.4,4.4,0.037,10.6,hedgehog
1.07,24.2,8.4,289,12.3,12.9,0.007,14.4,squirrel
34.56,55.5,15.0,74,9.0,46.6,3.906,5.5,goat
1.69,25.7,9.7,194,10.0,11.8,0.051,9.0,rabbit
2.63,23.8,14.9,195,12.5,9.7,0.069,13.1,cat
0.5,9.6,6.3,230,5.9,4.2,0.062,7.8,guinea_pig
6.61,32.4,5.6,83,14.4,24.3,0.244,10.5,fox
0.19,5.0,2.8,355,10.5,3.4,0.004,14.8,hamster
0.54,24.3,6.4,328,6.6,12.9,0.014,12.0,squirrel
10.07,38.4,3.2,102,7.5,17.5,0.141,10.7,fox
0.34,29.9,8.8,258,13.4,12.5,0.005,13.2,squirrel
0.39,20.4,8.2,357,12.5,11.9,0.015,11.6,squirrel
0.04,2.5,1.8,542,6.8,1.7,0.003,15.0,mouse
0.02,3.2,1.4,643,8.1,1.7,0.002,15.7,mouse
4.33,28.7,17.6,185,14.7,14.1,0.079,10.9,cat
7.97,43.3,5.4,111,9.4,21.2,0.203,10.1,fox
14.84,55.5,13.6,66,15.8,21.8,0.414,14.1,dog
0.78,18.1,5.2,203,13.3,3.1,0.064,11.2,hedgehog
0.64,20.3,12.9,382,9.8,11.8,0.004,13.6,squirrel
0.15,5.4,3.1,446,9.4,1.8,0.004,14.1,hamster
6.83,38.4,4.9,98,12.4,19.6,0.267,11.0,fox
7.61,43.8,5.9,122,14.0,19.2,0.136,9.8,fox
3.16,25.0,14.7,103,7.6,10.9,0.095,12.2,cat
21.68,40.2,12.0,75,15.9,26.4,0.298,12.9,dog
1.76,25.6,11.8,184,7.7,13.0,0.038,10.8,rabbit
5.25,42.6,5.4,133,17.0,21.0,0.258,10.1,fox
0.55,12.6,4.8,276,7.2,4.4,0.081,10.0,guinea_pig
1.24,12.3,6.1,269,8.2,6.4,0.075,10.5,guinea_pig
1.96,24.2,4.8,168,8.7,14.1,0.036,7.2,rabbit
2.32,17.7,8.4,192,8.8,15.7,0.052,8.7,rabbit
0.03,3.5,2.1,419,9.2,1.9,0.001,16.0,mouse
0.04,2.9,2.4,590,7.2,1.7,0.002,14.9,mouse
1.19,12.7,9.3,263,8.3,5.8,0.08,9.9,guinea_pig
0.15,5.4,2.7,408,4.8,2.8,0.002,14.9,hamster
1.75,16.0,7.9,161,7.2,15.0,0.042,10.3,rabbit
7.15,38.7,6.1,95,11.3,25.6,0.281,10.4,fox
3.73,26.2,13.1,174,11.1,7.2,0.071,11.6,cat
2.36,18.4,13.6,169,9.0,15.6,0.035,8.8,rabbit
0.03,3.1,1.8,505,7.0,1.4,0.002,15.8,mouse
8.74,44.1,5.3,93,9.4,26.4,0.189,10.3,fox
0.17,7.5,2.6,380,9.2,2.9,0.003,13.4,hamster
4.55,39.0,3.5,104,9.2,25.7,0.183,11.6,fox
0.02,3.5,1.8,433,7.3,2.3,0.002,14.3,mouse
1.0,12.7,4.9,301,8.7,5.7,0.069,10.7,guinea_pig
27.76,37.7,9.8,85,15.7,28.4,0.269,12.7,dog
14.03,56.7,12.0,113,16.1,26.1,0.512,13.5,dog
1.1,13.1,7.7,216,11.1,4.7,0.068,9.7,guinea_pig
14.55,43.8,11.4,72,12.9,20.6,0.561,12.9,dog
0.02,2.7,2.6,657,6.3,2.1,0.002,15.2,mouse
0.91,14.0,7.6,248,17.5,5.3,0.047,9.0,hedgehog
3.35,26.0,15.7,167,14.5,15.5,0.092,11.9,cat
0.97,14.0,7.0,258,11.5,5.3,0.079,9.3,guinea_pig
1.33,22.7,10.2,165,7.8,10.4,0.06,8.8,rabbit
0.04,5.4,2.0,347,8.2,2.3,0.002,14.9,hamster
3.13,26.7,10.2,169,12.2,10.4,0.093,12.9,cat
2.68,19.8,10.5,190,11.2,17.0,0.044,8.2,rabbit
1.3,12.9,3.4,267,13.0,6.4,0.08,9.5,guinea_pig
0.75,15.5,8.0,230,18.7,6.5,0.049,11.3,hedgehog
30.8,52.0,19.6,76,9.2,41.7,3.681,5.2,goat
2.46,19.0,6.7,191,11.3,15.0,0.061,8.1,rabbit
12.88,46.8,11.3,102,17.0,22.7,0.214,11.3,dog
30.91,56.7,12.3,76,8.8,32.9,3.421,5.8,goat
5.31,37.0,6.1,98,9.9,23.3,0.252,10.4,fox
4.38,20.5,9.3,193,16.4,11.5,0.126,13.0,cat
33.28,72.8,18.1,95,8.2,33.3,4.016,4.3,goat
0.03,3.4,2.6,622,7.8,1.5,0.002,16.0,mouse
6.16,18.8,13.4,143,7.3,15.3,0.103,13.4,cat
0.03,3.0,0.7,614,7.4,1.9,0.002,15.3,mouse
64.59,77.7,13.4,87,10.8,36.2,3.203,3.9,goat
0.04,3.9,1.8,423,6.6,1.9,0.002,14.5,mouse
13.73,74.7,12.7,70,16.6,22.7,0.652,11.9,dog
0.62,18.0,7.5,304,10.8,11.6,0.008,12.2,squirrel
0.27,5.9,3.1,379,7.8,2.6,0.002,15.0,hamster
1.25,15.1,5.9,185,12.5,4.0,0.053,10.0,hedgehog
1.88,29.3,10.6,180,7.4,22.7,0.05,7.2,rabbit
0.03,2.8,1.9,283,7.9,2.1,0.003,14.7,mouse
1.39,10.9,8.2,306,5.8,5.9,0.086,9.8,guinea_pig
2.97,43.9,11.3,104,15.0,20.8,0.653,14.1,dog
0.18,5.8,2.4,313,8.0,2.6,0.002,14.7,hamster
2.12,57.8,12.3,106,18.6,26.6,0.695,13.1,dog
0.37,20.6,6.2,298,7.4,11.8,0.013,11.9,squirrel
24.35,41.9,11.1,74,19.0,27.1,0.56,11.3,dog
37.08,62.7,14.2,72,13.4,38.6,1.355,4.5,goat
0.91,10.6,6.6,299,7.3,6.8,0.072,10.8,guinea_pig
0.14,5.4,2.6,394,8.4,1.8,0.004,14.1,hamster
8.47,41.3,3.0,95,18.7,21.0,0.191,9.7,fox
0.03,2.5,1.8,641,7.0,1.6,0.003,16.0,mouse
22.85,57.4,5.8,67,11.9,41.6,2.622,4.4,goat
31.45,40.7,11.9,101,15.8,29.9,0.627,13.4,dog
5.87,20.3,15.1,134,6.9,11.7,0.121,12.4,cat
0.51,12.5,4.7,243,10.4,7.0,0.069,9.5,guinea_pig
7.29,47.0,3.5,106,14.3,12.6,0.082,10.5,fox
3.59,23.5,15.8,156,14.3,11.7,0.106,11.9,cat
0.8,13.6,5.0,207,12.9,6.0,0.037,11.6,hedgehog
3.21,22.3,16.0,173,14.6,9.5,0.089,11.7,cat
0.19,5.1,3.0,417,6.6,2.0,0.004,14.7,hamster
17.28,43.3,10.2,87,17.4,20.7,0.937,12.4,dog
0.37,20.4,7.6,350,13.3,12.0,0.01,13.2,squirrel
30.87,64.7,11.9,68,9.4,27.0,1.196,2.9,goat
17.92,62.5,10.9,96,26.6,22.1,0.44,12.1,dog
0.98,13.6,7.4,327,8.1,5.7,0.045,9.7,guinea_pig
6.41,37.2,4.3,112,15.3,23.5,0.195,11.0,fox
3.32,21.7,18.5,179,11.4,8.7,0.103,10.3,cat
6.69,41.6,13.2,118,26.5,32.8,0.291,11.9,dog
1.03,18.1,7.1,209,13.4,4.9,0.054,10.0,hedgehog
8.25,61.8,12.2,92,13.8,24.2,0.193,14.0,dog
32.67,56.4,10.1,93,12.0,37.6,3.657,4.5,goat
4.61,21.9,12.9,139,13.2,11.7,0.115,13.3,cat
1.07,11.4,5.2,275,10.7,4.1,0.054,10.6,guinea_pig
0.89,21.7,10.2,346,11.6,8.2,0.006,12.3,squirrel
0.71,15.8,3.4,276,10.6,3.2,0.046,8.0,hedgehog
0.53,15.3,7.3,312,11.8,9.4,0.011,12.4,squirrel
5.62,51.4,5.1,80,11.3,12.9,0.224,10.8,fox
4.53,20.3,13.2,193,14.2,12.7,0.124,11.7,cat
5.95,36.3,3.3,131,12.0,14.3,0.237,10.7,fox
29.13,44.8,14.6,110,14.3,25.2,0.851,11.0,dog
33.14,48.1,11.3,93,13.8,24.1,0.854,12.2,dog
8.51,47.1,4.3,99,14.1,21.4,0.156,8.5,fox
24.43,51.4,14.2,80,22.2,30.7,0.315,13.1,dog
0.72,7.3,5.5,321,9.4,5.2,0.066,9.8,guinea_pig
0.51,32.0,11.7,338,12.5,8.9,0.01,13.2,squirrel
0.01,48.7,10.4,64,16.4,30.9,0.355,14.6,dog
1.05,14.0,6.8,189,13.6,4.1,0.053,10.8,hedgehog
1.05,13.7,7.8,283,12.2,5.9,0.059,11.1,guinea_pig
0.08,6.1,3.2,364,7.6,2.6,0.002,13.1,hamster
0.48,26.0,12.3,271,9.1,13.2,0.009,13.8,squirrel
34.54,54.6,10.0,73,10.7,22.3,3.896,6.1,goat
47.02,49.8,18.7,81,9.9,33.9,3.942,5.8,goat
5.0,29.4,12.1,146,9.6,12.6,0.097,12.5,cat
0.16,7.1,2.7,342,10.4,2.5,0.003,14.2,hamster
37.57,56.5,13.9,80,9.8,43.7,3.489,5.5,goat
0.94,16.1,7.0,232,18.9,4.0,0.044,9.6,hedgehog
0.8,12.9,6.5,248,11.9,4.7,0.034,9.6,hedgehog
3.2,23.4,14.7,181,9.9,11.0,0.067,12.7,cat
7.14,47.0,4.3,109,10.5,23.1,0.187,7.5,fox
0.13,5.4,3.1,461,6.6,2.1,0.004,14.3,hamster
1.12,11.0,6.6,343,11.1,5.2,0.078,9.1,guinea_pig
0.49,19.9,6.5,282,6.4,14.3,0.008,12.2,squirrel
12.14,34.5,14.2,106,19.0,30.6,0.435,13.6,dog
20.16,51.3,13.4,97,26.0,25.1,0.745,12.2,dog
0.14,6.2,2.4,409,5.9,2.1,0.002,12.7,hamster
0.01,38.8,11.4,70,18.0,20.6,0.243,14.5,dog
0.75,12.6,6.5,269,11.1,4.9,0.057,8.9,guinea_pig
0.67,13.2,5.8,210,19.0,5.4,0.046,8.5,hedgehog
0.95,22.5,11.2,286,13.9,6.7,0.01,12.0,squirrel
0.56,15.4,11.9,337,13.1,14.1,0.008,13.0,squirrel
0.03,2.9,2.2,476,6.0,1.5,0.002,13.9,mouse
1.89,22.1,7.6,154,9.4,13.8,0.053,8.4,rabbit
0.17,6.2,2.5,354,7.9,2.5,0.003,14.5,hamster
0.14,5.6,2.5,372,5.7,2.9,0.003,12.8,hamster
0.01,3.3,0.6,499,7.4,2.2,0.002,14.1,mouse
0.65,22.2,7.4,328,9.4,11.2,0.017,13.5,squirrel
0.17,4.4,2.7,389,4.6,2.5,0.003,13.6,hamster
0.75,13.4,9.8,341,12.2,13.0,0.009,14.5,squirrel
0.03,3.7,1.9,573,7.2,1.4,0.001,15.6,mouse
0.63,13.6,5.9,230,13.7,6.8,0.056,11.6,hedgehog
2.45,16.1,13.0,124,13.7,16.0,0.048,8.0,rabbit
0.04,3.6,1.7,564,8.0,1.9,0.003,14.6,mouse
26.41,49.6,13.2,96,20.8,34.6,0.107,11.6,dog
2.23,22.7,7.6,156,8.0,23.5,0.023,9.1,rabbit
0.73,11.9,3.9,243,21.3,3.6,0.054,9.5,hedgehog
4.37,20.3,14.0,122,12.6,12.0,0.066,10.8,cat
1.68,20.5,11.2,215,10.9,15.6,0.039,8.2,rabbit
1.25,10.6,4.7,263,8.2,6.1,0.065,10.3,guinea_pig
0.04,2.9,2.6,474,7.8,1.9,0.002,13.5,mouse
0.55,22.8,6.6,352,14.8,12.0,0.009,11.9,squirrel
3.84,23.6,14.0,147,14.7,8.3,0.093,11.1,cat
0.82,12.1,3.0,216,13.0,4.5,0.05,11.6,hedgehog
0.43,21.3,8.9,329,14.4,13.9,0.008,12.7,squirrel
6.66,40.8,4.0,99,11.1,20.2,0.249,11.3,fox
20.91,47.4,11.0,96,20.1,29.3,0.934,13.3,dog
0.02,4.3,2.5,315,6.9,2.0,0.002,16.4,mouse
0.14,5.3,3.1,413,7.3,3.3,0.003,14.0,hamster
0.03,2.1,2.7,554,6.5,2.1,0.002,13.9,mouse
15.7,60.5,14.0,72,15.6,22.7,0.562,13.5,dog
4.93,27.0,15.1,186,8.5,12.9,0.053,13.5,cat
8.42,33.5,6.1,116,10.0,28.1,0.197,10.4,fox
19.99,66.2,11.7,81,22.2,32.1,0.591,12.1,dog
3.36,23.5,13.7,159,11.4,12.3,0.136,12.3,cat
24.08,52.6,6.5,110,14.6,22.3,0.459,13.7,dog
0.75,10.8,6.4,287,8.8,8.4,0.065,10.4,guinea_pig
29.94,38.8,15.5,62,9.6,26.5,3.968,5.1,goat
0.01,2.8,2.3,413,7.0,2.6,0.002,14.8,mouse
0.03,2.8,2.2,483,7.4,1.4,0.003,14.4,mouse
0.18,6.1,2.4,381,10.9,2.2,0.002,13.3,hamster
0.99,15.8,4.4,224,14.6,4.1,0.059,9.6,hedgehog
26.47,55.9,12.3,99,23.4,32.1,0.593,12.5,dog
28.22,60.6,11.5,101,15.7,32.4,0.197,13.7,dog
4.53,22.6,15.1,158,11.3,15.9,0.112,11.4,cat
0.46,15.2,1.5,226,12.3,3.7,0.048,9.1,hedgehog
0.24,7.8,3.1,406,7.9,2.6,0.002,14.1,hamster
27.29,85.2,16.8,111,11.3,25.4,1.423,6.4,goat
3.51,27.4,14.9,175,13.3,12.0,0.087,11.9,cat
0.56,29.2,9.4,350,9.3,11.4,0.015,14.2,squirrel
1.02,14.1,4.7,227,12.9,5.1,0.051,11.3,hedgehog
0.02,2.9,2.1,486,7.5,2.4,0.002,14.7,mouse
1.0,8.3,3.1,293,8.4,5.5,0.082,9.1,guinea_pig
0.02,2.9,2.7,427,7.3,1.0,0.002,14.1,mouse
0.02,3.8,0.9,468,6.9,2.6,0.002,15.7,mouse
0.78,11.4,4.7,218,19.0,5.0,0.045,9.9,hedgehog
2.77,18.9,10.6,212,10.2,14.8,0.049,8.5,rabbit
8.12,41.1,4.6,88,10.7,23.8,0.124,10.0,fox
3.26,27.1,18.3,158,12.0,10.1,0.078,13.1,cat
22.54,32.4,10.8,62,16.1,20.4,0.332,11.2,dog
0.59,12.7,4.0,188,16.4,3.2,0.06,9.9,hedgehog
7.31,39.4,4.4,101,12.1,21.0,0.262,10.7,fox
0.64,19.8,11.3,389,6.5,8.3,0.005,15.0,squirrel
0.03,3.3,1.8,389,8.0,1.2,0.002,15.1,mouse
0.55,21.3,8.3,291,7.0,10.8,0.011,12.0,squirrel
1.1,14.1,5.1,228,6.0,6.0,0.064,11.3,guinea_pig
0.75,24.3,8.3,311,10.1,12.0,0.009,12.3,squirrel
1.01,13.6,5.0,206,18.1,5.0,0.053,8.7,hedgehog
0.21,6.3,3.5,500,8.4,2.3,0.002,14.1,hamster
0.84,9.5,6.6,244,11.9,4.7,0.075,11.9,guinea_pig
1.14,11.3,6.6,229,10.5,7.2,0.072,9.4,guinea_pig
0.69,12.0,1.3,276,8.3,6.9,0.079,11.5,guinea_pig
25.8,75.7,13.8,95,10.3,36.3,2.892,3.9,goat
0.02,3.2,2.4,486,6.3,3.0,0.001,16.0,mouse
29.29,66.0,13.7,83,8.5,43.3,1.585,4.0,goat
34.82,47.9,10.3,78,8.4,37.0,2.642,6.1,goat
0.95,10.0,6.7,261,11.6,6.8,0.079,7.6,guinea_pig
0.71,15.8,8.3,281,7.7,7.4,0.07,11.1,guinea_pig
0.2,6.2,1.8,360,3.7,2.8,0.001,13.2,hamster
2.55,25.7,12.8,141,10.4,11.9,0.121,12.9,cat
0.11,5.1,2.6,465,8.9,2.1,0.003,14.6,hamster
9.04,44.3,5.0,117,9.5,27.5,0.189,11.9,fox
1.09,13.9,9.8,259,5.3,5.6,0.053,9.1,guinea_pig
0.03,3.0,1.5,527,9.5,1.8,0.001,14.4,mouse
2.12,19.7,7.0,136,12.2,12.0,0.054,8.5,rabbit
2.61,27.1,14.9,168,15.7,11.3,0.078,10.5,cat
4.48,32.6,16.3,149,10.4,12.9,0.08,13.6,cat
0.74,22.5,9.1,347,15.4,10.6,0.006,13.4,squirrel
4.5,28.4,12.6,139,11.1,12.1,0.085,13.0,cat
0.62,21.0,8.2,288,8.8,12.3,0.008,12.4,squirrel
0.03,3.6,1.9,452,7.8,2.5,0.002,17.1,mouse
0.77,12.5,5.5,232,11.0,5.7,0.068,11.0,guinea_pig
2.06,41.4,9.7,99,13.6,27.9,0.521,13.3,dog
5.93,40.0,3.4,124,12.9,28.3,0.255,11.4,fox
0.98,10.5,3.2,284,6.4,7.7,0.07,9.0,guinea_pig
29.43,50.5,8.2,110,14.3,28.9,0.046,12.6,dog
0.18,5.1,2.0,430,8.2,3.5,0.004,13.2,hamster
1.13,12.8,6.3,232,11.1,3.8,0.044,9.5,hedgehog
7.22,41.5,5.0,129,12.9,24.1,0.13,11.0,fox
20.06,59.9,14.0,73,16.3,38.1,0.439,14.1,dog
0.67,11.2,6.2,236,17.0,5.0,0.035,10.4,hedgehog
0.1,5.2,2.6,397,6.7,1.7,0.002,16.3,hamster
2.2,24.1,11.1,208,10.6,19.6,0.032,9.0,rabbit
0.09,22.8,10.1,307,9.2,10.9,0.011,12.2,squirrel
4.1,27.2,15.0,175,7.2,9.5,0.102,11.8,cat
0.14,5.9,2.2,403,8.4,3.4,0.003,13.9,hamster
8.79,44.1,4.4,117,11.5,18.9,0.194,9.1,fox
0.02,3.0,2.1,483,5.9,2.4,0.002,13.1,mouse
0.77,15.0,6.7,212,12.1,6.3,0.061,8.7,hedgehog
0.67,16.2,8.4,352,9.1,9.8,0.007,13.2,squirrel
0.02,3.2,2.0,556,7.2,1.8,0.002,13.4,mouse
5.82,38.8,5.9,124,9.5,19.8,0.225,9.2,fox
0.78,13.8,5.7,248,11.0,5.5,0.043,9.5,hedgehog
18.65,66.1,21.2,81,10.6,23.6,4.616,5.0,goat
5.55,37.5,4.9,127,12.3,16.2,0.196,7.6,fox
47.97,56.7,9.9,70,10.9,24.9,4.093,4.3,goat
20.77,63.0,15.9,86,9.4,35.6,3.662,5.6,goat
1.17,25.0,9.6,182,9.1,11.5,0.049,8.5,rabbit
0.05,3.4,2.0,489,7.8,1.9,0.002,16.8,mouse
1.17,11.6,7.0,274,8.6,6.6,0.073,9.9,guinea_pig
5.84,37.5,4.9,104,10.5,21.8,0.141,10.6,fox
0.19,6.4,2.9,416,8.3,2.5,0.004,12.8,hamster
31.17,92.0,16.2,88,7.7,27.9,2.818,4.6,goat
0.17,5.0,2.4,360,5.9,2.8,0.001,13.0,hamster
0.68,17.5,4.2,242,15.7,5.2,0.051,9.6,hedgehog
0.4,32.4,12.3,379,9.4,8.8,0.011,14.5,squirrel
0.96,11.9,8.1,263,9.4,3.8,0.063,9.2,guinea_pig
0.81,13.8,6.3,308,9.8,6.5,0.081,9.8,guinea_pig
7.76,33.8,4.0,117,12.1,17.8,0.081,11.1,fox
5.34,43.3,4.1,131,15.3,20.7,0.276,11.2,fox
0.13,5.7,2.8,353,8.7,3.2,0.003,15.1,hamster
6.52,37.3,2.6,108,8.2,23.0,0.212,10.7,fox
0.15,5.8,2.5,421,10.4,2.9,0.005,13.6,hamster
3.79,27.7,15.2,170,9.9,8.7,0.112,10.8,cat
27.32,75.3,9.1,59,12.5,35.8,2.006,4.2,goat
3.47,24.7,12.7,179,13.5,12.5,0.124,13.1,cat
1.67,21.5,10.2,156,10.1,16.3,0.039,7.9,rabbit
0.82,14.5,5.3,230,15.7,4.5,0.074,10.1,hedgehog
5.7,40.0,4.4,124,18.5,14.1,0.258,9.8,fox
1.0,11.2,5.7,239,15.2,5.1,0.058,11.5,hedgehog
0.11,4.3,2.9,328,7.5,2.1,0.004,12.6,hamster
0.08,5.0,1.6,305,6.3,2.8,0.001,14.9,hamster
0.88,15.2,3.4,270,17.2,5.6,0.066,9.7,hedgehog
0.68,20.2,9.8,281,11.0,10.2,0.015,11.7,squirrel
0.53,20.6,7.1,337,7.2,11.4,0.011,14.5,squirrel
0.03,2.9,1.7,654,6.7,1.7,0.002,15.5,mouse
0.9,12.8,6.2,258,10.7,5.4,0.07,11.8,guinea_pig
7.49,44.0,2.9,104,11.8,16.9,0.246,9.4,fox
3.36,28.9,15.8,166,13.0,14.8,0.121,12.5,cat
16.64,45.8,13.4,92,8.3,21.3,0.427,13.0,dog
3.52,28.3,10.3,156,13.8,12.2,0.1,10.5,cat
3.11,26.3,13.3,156,13.7,13.6,0.12,11.8,cat
31.92,58.4,15.3,84,12.1,36.2,3.187,4.1,goat
0.12,5.3,2.3,432,7.6,3.4,0.004,13.6,hamster
3.83,23.1,10.2,171,18.3,14.0,0.087,15.1,cat
16.79,55.4,9.8,103,17.1,32.2,0.439,14.2,dog
2.3,20.6,6.3,165,10.2,13.6,0.052,9.1,rabbit
0.03,3.7,2.5,571,5.5,2.3,0.003,15.3,mouse
21.13,40.9,14.1,94,16.0,25.1,0.39,13.5,dog
0.14,5.4,2.8,371,9.7,2.1,0.002,14.7,hamster
0.21,6.2,1.8,316,5.5,3.6,0.004,14.9,hamster
35.42,67.6,14.4,61,6.0,32.1,4.111,5.3,goat
0.93,9.6,4.3,199,17.6,5.5,0.045,9.3,hedgehog
0.75,10.6,8.1,329,10.2,6.9,0.061,9.9,guinea_pig
37.51,78.4,8.5,70,12.7,45.9,3.41,5.2,goat
7.98,40.5,6.3,132,13.2,20.0,0.23,9.2,fox
7.2,53.4,9.4,115,21.2,18.8,0.301,12.9,dog
32.69,42.8,11.0,93,19.7,24.4,0.136,13.8,dog
0.02,3.9,1.1,469,6.0,1.8,0.002,15.4,mouse
4.47,21.5,14.2,148,9.8,12.5,0.064,12.0,cat
0.43,21.5,9.0,315,14.3,7.1,0.006,12.4,squirrel
21.01,45.3,15.3,76,15.2,25.0,0.529,13.8,dog
3.58,29.7,14.7,146,7.1,10.4,0.087,11.3,cat
0.15,5.6,2.8,412,9.2,2.7,0.002,14.3,hamster
0.03,3.7,2.0,489,7.5,1.7,0.002,15.6,mouse
0.73,19.0,8.0,432,10.6,9.4,0.007,13.3,squirrel
0.85,12.3,5.7,200,19.4,4.9,0.061,12.7,hedgehog
0.03,3.5,2.0,571,5.2,2.2,0.002,15.3,mouse
0.55,26.2,8.1,315,18.4,7.0,0.009,14.6,squirrel
33.45,74.9,16.7,79,9.6,38.5,1.414,6.5,goat
0.16,4.9,2.7,435,6.6,2.3,0.003,16.4,hamster
0.81,18.4,10.5,382,7.5,9.8,0.009,13.3,squirrel
4.73,29.1,14.4,159,8.8,12.4,0.084,11.0,cat
47.2,69.6,18.9,83,10.4,42.3,3.105,4.7,goat
19.75,59.8,9.0,95,16.2,19.7,0.44,13.5,dog
0.74,7.5,7.7,260,10.1,6.4,0.065,12.1,guinea_pig
0.16,5.1,2.4,381,8.5,2.1,0.002,12.3,hamster
11.64,46.3,12.7,85,17.1,26.6,0.225,10.7,dog
0.03,2.6,2.3,618,5.6,1.6,0.003,14.0,mouse
0.46,22.5,6.3,301,15.8,13.4,0.01,12.7,squirrel
23.37,43.3,12.6,76,23.9,29.8,0.513,12.0,dog
1.33,21.5,8.7,196,9.8,14.4,0.05,10.1,rabbit
1.91,17.2,4.2,186,7.4,10.7,0.057,9.1,rabbit
7.63,31.4,6.1,114,9.7,21.8,0.184,9.8,fox
0.14,6.4,2.1,372,6.9,2.4,0.003,13.2,hamster
3.68,29.7,14.2,160,9.9,14.4,0.087,13.8,cat
19.74,38.1,12.2,103,14.7,26.2,0.441,14.4,dog
17.22,66.3,17.4,78,12.3,40.5,1.087,4.7,goat
0.53,17.0,3.6,216,11.4,5.2,0.05,9.6,hedgehog
42.19,66.0,14.5,89,13.3,34.1,3.804,6.4,goat
0.01,3.0,1.9,558,7.5,1.9,0.002,15.8,mouse
1.11,11.9,4.7,313,7.4,4.3,0.089,9.6,guinea_pig
0.49,14.0,4.1,241,19.5,3.7,0.054,9.8,hedgehog
0.01,3.2,1.2,401,6.8,2.0,0.002,15.7,mouse
3.73,24.4,14.8,173,9.1,13.1,0.081,12.8,cat
2.39,21.7,7.3,208,12.5,19.0,0.061,8.4,rabbit
0.59,12.7,7.0,201,20.6,4.3,0.07,9.6,hedgehog
0.03,2.2,2.1,448,6.3,1.7,0.001,16.4,mouse
1.63,18.8,11.0,226,12.1,14.2,0.055,8.9,rabbit
2.36,19.9,7.0,157,7.9,11.4,0.059,6.9,rabbit
0.85,11.1,4.9,244,13.9,5.7,0.047,9.7,hedgehog
0.79,26.8,4.8,325,15.2,8.6,0.011,13.7,squirrel
0.98,11.9,3.5,264,9.6,6.3,0.077,11.5,guinea_pig
0.07,24.9,9.9,370,9.8,12.4,0.015,12.8,squirrel
0.44,26.6,7.1,303,9.8,16.7,0.01,13.5,squirrel
7.14,39.9,4.1,111,15.4,20.0,0.224,9.0,fox
2.84,17.9,11.5,140,12.3,13.5,0.091,13.4,cat
2.51,21.5,12.4,174,15.8,11.1,0.112,12.2,cat
0.11,6.3,3.2,391,6.9,1.5,0.002,13.7,hamster
0.59,13.3,7.2,321,6.0,6.2,0.08,8.4,guinea_pig
7.16,49.0,3.8,117,11.6,20.9,0.272,11.8,fox
27.79,81.3,17.7,82,12.0,33.8,2.307,6.0,goat
0.41,13.7,3.5,174,10.0,5.8,0.05,10.1,hedgehog
0.03,3.1,2.7,367,6.5,1.8,0.002,16.8,mouse
4.21,31.6,3.4,145,10.8,19.2,0.204,8.7,fox
7.29,39.3,4.2,120,10.3,16.2,0.295,9.8,fox
0.81,14.7,5.8,218,10.8,5.1,0.041,10.9,hedgehog
2.14,17.7,8.6,194,9.4,18.8,0.046,8.9,rabbit
2.31,22.3,10.1,160,9.5,13.5,0.078,8.6,rabbit
17.51,53.7,11.5,88,15.1,22.3,0.408,11.7,dog
0.58,19.1,10.1,261,8.2,13.9,0.007,12.8,squirrel
7.83,34.1,3.8,124,11.2,19.9,0.125,8.1,fox
0.86,16.3,5.3,203,13.6,6.5,0.059,10.4,hedgehog
0.04,3.1,2.0,551,5.5,2.6,0.003,15.3,mouse
2.36,21.0,7.9,134,7.7,16.0,0.038,8.1,rabbit
0.04,3.3,1.6,541,7.5,1.9,0.001,13.8,mouse
0.03,2.7,2.5,480,6.2,1.9,0.003,16.8,mouse
0.02,3.6,2.0,416,6.5,1.9,0.002,14.0,mouse
10.32,38.7,13.2,89,13.5,24.3,0.069,13.9,dog
0.02,2.6,1.6,646,7.3,2.2,0.002,15.3,mouse
0.03,2.8,1.0,592,6.7,1.6,0.002,14.7,mouse
16.12,48.8,13.2,84,12.1,25.0,0.637,13.7,dog
0.96,13.6,4.5,293,12.1,6.4,0.06,9.7,guinea_pig
0.97,15.0,7.2,268,21.0,5.5,0.044,11.1,hedgehog
0.64,28.7,11.1,374,8.3,11.3,0.013,13.9,squirrel
0.03,2.9,2.5,474,6.3,2.2,0.003,14.6,mouse
0.05,2.7,2.2,412,5.0,2.1,0.003,15.8,mouse
0.79,14.9,4.1,208,15.1,4.8,0.06,11.0,hedgehog
1.2,9.9,6.9,226,6.2,6.6,0.063,9.5,guinea_pig
0.1,5.2,2.9,435,11.0,2.3,0.003,16.3,hamster
0.02,3.0,1.4,465,7.4,1.3,0.002,15.2,mouse
0.79,15.4,5.0,272,13.1,3.8,0.034,10.2,hedgehog
0.47,18.4,6.2,273,11.0,12.7,0.014,11.6,squirrel
0.76,11.8,5.9,205,12.9,6.4,0.055,10.4,hedgehog
0.16,5.5,2.3,375,5.2,2.4,0.002,15.8,hamster
0.94,20.2,11.7,331,11.1,8.3,0.011,12.0,squirrel
43.16,56.1,11.7,73,10.5,33.2,1.777,5.1,goat
0.08,6.4,3.5,424,9.0,2.0,0.003,15.3,hamster
2.21,22.7,9.1,152,6.3,17.5,0.045,8.2,rabbit
0.03,2.9,1.1,659,7.1,2.7,0.002,15.5,mouse
1.97,23.9,10.1,169,8.7,16.4,0.059,8.6,rabbit
3.42,23.1,9.7,218,9.3,8.4,0.058,10.0,rabbit
0.03,3.5,2.1,496,6.5,2.6,0.002,14.2,mouse
1.36,24.9,11.7,171,7.1,17.1,0.055,10.1,rabbit
0.62,18.5,5.9,233,11.0,5.8,0.044,11.1,hedgehog
4.22,25.4,13.7,153,16.6,11.6,0.134,13.3,cat
5.52,40.8,2.3,126,13.3,21.1,0.12,10.3,fox
0.82,15.5,2.9,233,17.6,6.8,0.057,8.9,hedgehog
3.98,17.8,17.8,148,13.5,11.8,0.065,11.2,cat
1.09,10.0,6.9,297,8.3,7.5,0.063,11.5,guinea_pig
7.07,37.1,4.7,118,12.5,20.8,0.249,10.0,fox
18.44,42.9,15.8,91,19.2,26.1,0.253,12.3,dog
20.88,85.4,17.8,86,7.2,39.1,3.818,3.4,goat
0.86,14.0,5.5,256,14.7,7.2,0.05,12.5,hedgehog
32.88,65.0,10.4,67,5.9,31.1,3.559,4.2,goat
1.11,19.5,9.9,229,10.4,14.7,0.057,8.1,rabbit
7.02,37.9,4.0,85,11.9,22.4,0.159,9.6,fox
13.1,70.1,11.1,87,18.8,30.5,0.513,11.0,dog
47.79,62.5,8.4,90,11.8,45.4,3.232,3.9,goat
0.89,13.2,5.4,320,6.4,6.4,0.072,10.2,guinea_pig
0.93,10.6,3.0,292,7.5,6.0,0.068,7.9,guinea_pig
0.89,22.1,8.9,300,6.2,7.9,0.009,11.6,squirrel
13.46,62.4,11.6,72,23.1,26.4,0.338,12.4,dog
0.19,4.3,1.7,384,11.5,2.9,0.003,13.2,hamster
0.66,25.1,9.2,262,17.9,11.1,0.012,12.9,squirrel
0.21,4.8,2.7,350,9.4,2.4,0.001,13.3,hamster
0.04,3.6,2.1,565,6.0,1.7,0.002,14.8,mouse
0.6,13.2,6.0,304,9.0,7.1,0.065,8.7,guinea_pig
0.03,2.6,2.5,618,7.0,1.6,0.002,14.2,mouse
0.87,11.0,6.3,253,21.3,3.7,0.045,9.5,hedgehog
0.88,17.2,5.6,216,16.9,3.7,0.046,9.6,hedgehog
2.73,22.5,9.9,202,12.3,14.0,0.029,8.5,rabbit
3.64,23.4,13.1,149,18.4,11.9,0.074,12.2,cat
7.46,42.8,3.3,82,9.9,23.7,0.302,9.1,fox
0.82,15.6,11.6,244,10.2,11.8,0.009,11.5,squirrel
42.64,68.7,13.1,70,12.7,30.5,5.192,5.0,goat
0.62,16.8,8.6,309,11.2,13.2,0.004,12.3,squirrel
0.03,2.7,2.0,453,7.5,2.1,0.002,14.8,mouse
0.85,13.5,4.6,223,17.5,2.1,0.041,8.8,hedgehog
0.9,14.0,5.7,209,14.3,5.9,0.058,8.8,hedgehog
0.16,7.3,2.2,397,5.3,2.2,0.004,13.2,hamster
0.02,2.1,2.8,390,7.1,1.4,0.003,14.9,mouse
1.93,20.6,7.7,181,11.7,14.7,0.066,8.5,rabbit
4.4,22.8,13.1,150,10.9,14.3,0.084,12.3,cat
1.01,13.7,4.8,165,11.7,5.7,0.04,11.0,hedgehog
19.14,54.9,13.1,98,22.2,18.0,0.422,15.1,dog
2.4,14.1,8.4,174,9.7,10.2,0.048,9.8,rabbit
42.42,74.2,17.4,93,8.4,36.3,3.635,4.5,goat
2.58,19.6,9.6,204,6.3,15.6,0.062,9.1,rabbit
15.33,50.4,10.8,89,27.6,22.2,0.73,12.1,dog
2.23,21.2,9.7,177,11.4,10.9,0.03,9.1,rabbit
29.14,57.6,13.0,87,17.7,25.8,0.606,12.2,dog
1.09,12.5,4.2,198,12.4,5.1,0.047,12.3,hedgehog
0.84,12.2,0.2,346,7.9,8.2,0.066,9.0,guinea_pig
0.39,17.8,12.6,267,9.1,9.9,0.012,11.9,squirrel
0.89,15.5,4.8,221,10.9,3.8,0.053,9.4,hedgehog
0.02,3.4,1.4,480,8.6,2.5,0.002,16.8,mouse
6.2,38.2,6.0,123,9.7,24.7,0.267,10.0,fox
4.62,24.2,10.6,138,7.1,7.3,0.115,13.4,cat
0.82,23.6,9.9,352,10.2,11.4,0.013,14.5,squirrel
33.46,63.2,13.4,92,9.5,33.6,2.355,6.6,goat
4.05,24.1,14.0,162,15.2,12.1,0.096,12.3,cat
2.04,23.2,6.9,194,10.3,14.1,0.053,9.5,rabbit
1.06,17.3,3.4,235,17.7,4.9,0.066,10.3,hedgehog
15.52,39.8,13.1,86,17.0,30.6,0.726,12.0,dog
0.96,12.9,4.5,241,11.3,6.9,0.062,10.9,guinea_pig
0.59,16.5,6.1,216,13.8,5.2,0.05,10.2,hedgehog
16.82,51.5,11.2,91,12.8,31.5,0.566,14.2,dog
7.32,47.5,4.4,146,10.6,19.5,0.279,9.5,fox
1.07,9.0,3.0,237,9.5,6.2,0.068,10.8,guinea_pig
0.14,6.3,2.6,352,5.4,2.3,0.003,13.2,hamster
0.74,13.2,5.8,278,8.1,6.4,0.081,9.7,guinea_pig
7.13,51.4,5.0,104,13.4,15.7,0.244,9.9,fox
0.98,10.9,8.8,259,8.7,6.3,0.055,9.5,guinea_pig
31.07,36.4,11.0,82,20.8,33.9,0.579,12.8,dog
6.87,36.3,5.0,102,14.0,27.1,0.154,12.0,fox
3.2,20.0,14.9,144,6.5,11.8,0.086,11.4,cat
1.31,14.0,7.4,246,11.4,6.0,0.073,10.7,guinea_pig
54.81,61.3,9.1,80,8.9,32.3,3.519,3.4,goat
1.05,12.8,5.1,224,17.9,5.8,0.048,11.0,hedgehog
0.03,2.9,2.2,506,7.7,1.8,0.001,14.7,mouse
0.1,5.4,2.7,335,6.5,2.7,0.003,15.5,hamster
5.38,22.6,11.4,146,9.7,9.3,0.114,12.1,cat
0.53,18.2,5.4,218,15.4,5.3,0.053,12.2,hedgehog
7.32,36.6,2.9,106,14.4,23.5,0.117,10.2,fox
0.14,6.1,2.2,364,8.3,2.5,0.004,13.8,hamster
0.02,3.0,2.2,625,6.9,2.6,0.001,12.9,mouse
0.03,4.0,2.5,500,7.7,1.7,0.002,16.4,mouse
18.88,61.5,13.0,72,8.8,48.0,2.714,3.8,goat
1.84,18.6,9.8,173,10.8,15.5,0.044,8.4,rabbit
8.06,42.5,5.8,111,12.0,18.2,0.275,10.5,fox
1.03,13.2,4.6,215,14.1,5.7,0.029,11.5,hedgehog
0.02,3.2,2.4,528,7.0,2.0,0.002,15.4,mouse
0.9,11.8,5.8,274,10.8,8.2,0.084,8.9,guinea_pig
3.63,38.3,3.4,123,13.2,23.1,0.125,9.5,fox
1.26,23.8,11.6,151,13.9,18.2,0.056,10.4,rabbit
27.56,64.0,14.0,78,12.1,32.4,4.267,5.2,goat
2.97,15.8,14.1,167,13.6,13.3,0.119,10.3,cat
6.28,42.0,5.3,112,11.5,26.3,0.279,9.2,fox
0.78,12.9,6.0,275,6.7,5.3,0.068,10.5,guinea_pig
0.85,14.9,6.9,241,11.5,4.9,0.038,9.8,hedgehog
2.02,23.3,8.3,195,8.4,12.5,0.053,9.0,rabbit
0.76,12.4,3.7,191,15.9,6.2,0.046,10.5,hedgehog
0.02,2.4,2.1,468,7.0,2.5,0.002,14.9,mouse
1.05,14.6,5.0,284,7.6,7.2,0.065,10.4,guinea_pig
4.27,25.5,9.8,173,11.7,10.6,0.1,9.7,cat
3.63,31.8,15.7,155,11.4,11.3,0.084,12.8,cat
2.61,22.7,8.7,163,4.3,19.4,0.054,8.1,rabbit
2.43,19.8,8.8,214,7.9,17.8,0.039,8.8,rabbit
6.34,38.4,4.8,117,6.8,28.9,0.233,10.0,fox
1.02,11.2,5.5,271,9.9,5.9,0.079,9.7,guinea_pig
0.13,6.4,2.3,383,8.5,2.1,0.003,13.9,hamster
0.45,24.3,7.9,298,9.9,11.3,0.014,12.0,squirrel
1.55,8.8,3.7,299,9.7,4.5,0.06,10.4,guinea_pig
1.32,18.2,6.6,190,11.0,13.7,0.049,10.2,rabbit
4.47,23.1,15.2,145,8.5,15.7,0.105,11.6,cat
0.6,18.4,7.5,225,11.0,10.7,0.008,11.7,squirrel
5.19,47.0,6.4,135,11.4,23.0,0.196,12.5,fox
0.88,24.4,3.9,214,11.0,10.9,0.011,13.2,squirrel
0.23,2.9,2.5,400,5.5,2.6,0.004,14.8,hamster
4.02,37.1,5.1,90,10.9,26.2,0.222,9.7,fox
0.77,13.0,3.7,315,6.9,5.8,0.07,10.1,guinea_pig
0.02,3.2,2.5,696,8.3,1.9,0.001,14.6,mouse
27.19,55.6,12.6,114,18.5,25.7,0.144,12.4,dog
0.61,8.8,5.7,241,10.5,5.5,0.06,10.5,guinea_pig
8.3,43.7,9.4,92,20.6,28.8,0.436,14.4,dog
0.19,5.1,2.8,414,6.3,2.5,0.003,12.3,hamster
2.13,22.2,9.0,222,10.1,11.7,0.048,8.6,rabbit
31.37,60.7,13.0,85,13.4,17.7,0.455,13.6,dog
46.04,62.3,12.3,62,10.4,33.2,3.281,5.5,goat
20.52,70.8,11.4,111,19.4,27.1,0.745,12.1,dog
6.27,47.0,2.3,104,8.9,17.2,0.223,10.4,fox
1.19,14.9,3.8,191,14.3,5.6,0.043,10.6,hedgehog
0.95,12.8,6.2,195,17.7,3.8,0.034,10.0,hedgehog
13.16,47.3,12.9,67,18.8,19.6,0.399,11.8,dog
0.16,5.9,2.2,265,6.4,1.9,0.004,14.1,hamster
24.73,60.8,10.3,52,9.5,31.0,3.38,2.4,goat
0.15,6.9,1.7,395,7.6,2.4,0.003,12.9,hamster
0.15,6.1,2.6,354,12.0,2.8,0.004,13.7,hamster
25.81,67.8,13.1,79,18.6,24.7,0.553,14.2,dog
8.48,45.8,5.4,106,10.3,21.9,0.19,9.2,fox
16.73,49.3,18.2,92,15.3,40.1,0.545,13.0,dog
4.16,31.6,14.0,144,12.0,14.0,0.095,11.7,cat
6.26,36.5,3.2,129,12.4,20.7,0.271,7.2,fox
11.03,61.0,14.2,98,15.3,35.2,1.558,3.3,goat
1.8,30.2,7.9,193,7.6,10.7,0.055,9.9,rabbit
7.05,33.1,6.6,132,8.6,23.4,0.27,9.2,fox
0.64,13.2,5.5,199,12.9,6.4,0.059,8.9,hedgehog
0.38,22.8,11.2,365,13.4,9.3,0.011,14.7,squirrel
0.04,3.4,2.1,531,6.1,2.1,0.002,14.1,mouse
7.35,39.1,4.2,142,9.9,28.4,0.208,12.4,fox
2.69,24.7,8.8,169,7.2,15.8,0.06,8.4,rabbit
1.07,9.2,5.2,195,16.8,6.2,0.053,9.2,hedgehog
0.2,5.5,2.5,444,6.1,2.8,0.003,13.4,hamster
0.24,6.6,1.8,457,6.0,2.4,0.004,13.4,hamster
0.1,5.3,2.1,380,5.7,2.8,0.004,14.2,hamster
0.17,6.8,2.9,333,9.3,2.0,0.003,14.2,hamster
0.88,14.9,5.5,220,19.9,5.5,0.051,11.1,hedgehog
0.96,14.6,3.6,287,7.2,6.6,0.051,8.7,guinea_pig
0.05,2.7,1.8,407,7.0,2.4,0.001,16.9,mouse
3.94,22.6,13.1,164,15.0,13.1,0.095,12.8,cat
1.02,9.6,6.7,280,11.6,6.1,0.068,10.6,guinea_pig
0.61,20.4,9.4,301,11.7,11.6,0.01,12.9,squirrel
0.1,6.0,1.9,308,7.9,2.0,0.002,13.8,hamster
6.44,37.1,3.0,122,16.6,23.0,0.17,10.6,fox
1.47,19.7,11.1,170,9.3,12.8,0.052,8.2,rabbit
11.31,47.1,11.0,97,22.8,26.5,0.732,11.5,dog
4.99,40.9,4.1,116,7.2,18.2,0.265,11.6,fox
4.32,24.4,15.6,124,12.1,12.8,0.09,13.4,cat
2.01,18.4,9.5,187,7.5,18.6,0.037,9.7,rabbit
2.3,18.9,11.6,232,11.0,13.0,0.051,8.1,rabbit
0.84,13.3,6.6,206,15.8,5.3,0.043,11.3,hedgehog
2.96,22.0,10.4,208,9.2,12.3,0.076,9.8,rabbit
0.51,24.8,7.4,309,13.1,11.4,0.01,13.0,squirrel
21.5,58.9,13.7,82,7.1,34.4,3.061,4.7,goat
15.64,81.1,9.5,82,11.1,28.3,2.944,6.4,goat
1.86,17.5,9.1,121,8.7,15.7,0.066,9.4,rabbit
1.02,12.6,6.6,226,10.1,5.0,0.057,11.0,guinea_pig
0.2,6.9,3.1,445,6.2,2.4,0.003,14.4,hamster
2.0,23.3,7.4,160,8.5,12.9,0.02,8.1,rabbit
0.45,18.9,12.4,445,11.0,10.1,0.01,14.3,squirrel
1.14,13.9,5.8,262,6.7,7.5,0.07,10.3,guinea_pig
33.02,41.8,8.5,110,26.2,20.7,0.473,11.2,dog
1.47,21.3,5.7,168,10.5,15.0,0.051,8.9,rabbit
0.12,6.8,2.8,383,7.3,3.2,0.002,13.1,hamster
2.93,21.7,14.2,149,9.5,11.7,0.118,12.5,cat
0.62,12.3,6.0,298,7.9,7.1,0.081,10.6,guinea_pig
0.1,4.5,3.3,351,6.4,2.6,0.002,14.7,hamster
2.04,18.0,10.1,186,10.1,18.0,0.059,8.5,rabbit
7.0,47.1,5.0,62,11.5,16.9,0.099,9.7,fox
0.01,2.7,1.9,497,8.2,1.8,0.002,15.1,mouse
2.91,19.6,8.9,198,10.4,15.4,0.048,9.3,rabbit
4.62,26.1,13.8,163,8.3,16.0,0.105,13.9,cat
0.17,4.6,1.6,434,8.6,2.4,0.001,13.8,hamster
4.75,22.9,18.0,151,9.6,13.6,0.121,12.5,cat
4.48,25.1,16.5,169,13.2,10.5,0.127,12.3,cat
0.77,15.0,4.2,264,7.9,7.6,0.089,9.9,guinea_pig
2.26,17.1,8.3,180,10.4,15.4,0.045,10.9,rabbit
0.79,15.2,4.9,188,17.4,6.7,0.051,9.8,hedgehog
4.13,25.8,13.9,146,13.0,9.2,0.109,12.2,cat
0.6,14.8,8.4,334,11.7,12.3,0.011,13.9,squirrel
0.63,21.2,10.1,264,10.3,13.1,0.012,13.4,squirrel
0.13,2.9,1.5,409,13.4,3.3,0.001,13.5,hamster
3.31,21.2,8.1,177,9.9,15.6,0.047,8.6,rabbit
1.91,21.8,9.8,182,7.9,9.9,0.056,9.5,rabbit
4.58,19.1,12.3,190,9.6,13.1,0.09,10.7,cat
36.6,70.3,8.9,64,7.9,32.5,1.976,6.9,goat
5.87,40.0,3.1,99,8.5,28.6,0.222,7.6,fox
0.03,3.6,2.9,502,7.3,1.5,0.002,13.3,mouse
2.17,26.7,8.4,223,8.5,16.2,0.039,9.0,rabbit
37.0,64.9,17.1,83,9.7,38.7,2.778,4.6,goat
0.05,3.6,2.3,544,6.6,1.4,0.003,15.3,mouse
0.1,7.8,2.9,363,9.1,2.4,0.005,13.2,hamster
0.58,13.9,5.3,277,9.3,6.2,0.071,10.9,guinea_pig
26.02,53.8,16.5,92,13.6,27.0,0.666,11.9,dog
26.83,64.9,14.6,79,10.3,41.2,3.436,4.8,goat
2.02,23.0,7.7,162,9.2,15.5,0.062,9.0,rabbit
22.86,52.9,14.2,95,20.9,22.4,0.159,11.8,dog
0.27,7.9,3.6,353,7.8,3.6,0.002,13.8,hamster
0.82,11.2,4.3,191,16.7,3.4,0.055,10.3,hedgehog
4.13,25.0,16.7,146,5.4,11.9,0.121,13.0,cat
0.68,14.3,4.2,234,20.7,6.2,0.047,11.2,hedgehog
0.05,3.5,1.7,544,5.3,2.2,0.002,16.2,mouse
0.8,15.1,5.2,222,16.1,4.5,0.054,8.3,hedgehog
9.09,39.3,4.3,123,9.7,24.1,0.237,8.9,fox
19.0,62.4,10.3,78,11.7,35.1,2.996,4.2,goat
1.15,13.6,5.9,231,17.1,6.1,0.042,9.6,hedgehog
0.8,15.4,3.5,195,14.9,5.1,0.051,12.0,hedgehog
6.79,40.8,4.5,82,11.4,23.8,0.159,10.4,fox
8.06,33.2,3.5,106,9.0,20.6,0.249,10.2,fox
9.94,50.0,12.8,121,6.5,20.2,0.177,11.0,dog
26.29,58.9,13.7,82,20.7,35.5,0.043,11.9,dog
5.27,22.4,16.2,123,13.3,9.1,0.109,9.6,cat
0.83,13.3,5.2,253,12.7,3.8,0.061,10.3,hedgehog
1.19,10.3,3.9,302,8.6,6.0,0.08,10.1,guinea_pig
2.07,23.7,4.6,175,14.1,17.7,0.049,8.8,rabbit
0.61,19.4,6.0,267,14.0,12.4,0.014,12.4,squirrel
30.33,51.7,16.9,83,9.5,35.4,1.588,5.6,goat
0.31,23.5,9.1,248,12.0,8.9,0.008,13.5,squirrel
0.26,26.9,7.1,358,10.5,11.2,0.009,11.6,squirrel
14.22,53.3,8.8,79,10.5,30.3,0.657,12.1,dog
0.28,22.3,8.5,319,10.4,9.2,0.009,12.4,squirrel
0.01,5.0,2.3,304,6.7,2.2,0.005,15.9,hamster
9.85,49.5,11.9,101,15.9,26.7,0.635,12.5,dog
25.85,45.1,12.5,84,12.7,23.0,0.679,14.7,dog
44.59,64.7,8.6,87,9.3,32.8,2.727,6.5,goat
0.04,3.0,2.7,507,4.7,2.2,0.003,15.2,mouse
1.09,16.4,6.0,216,11.4,4.5,0.062,8.9,hedgehog
42.16,61.1,12.5,76,9.4,32.0,2.532,6.3,goat
2.77,23.4,9.4,168,7.3,16.8,0.041,8.1,rabbit
5.76,47.6,1.8,81,13.7,23.1,0.199,10.0,fox
25.57,57.4,18.2,83,7.8,29.5,3.194,5.0,goat
0.52,21.3,9.1,330,10.7,11.2,0.008,14.4,squirrel
0.95,11.9,5.3,171,18.8,6.0,0.063,10.1,hedgehog
0.16,5.4,2.4,371,5.3,2.0,0.003,13.9,hamster
36.21,55.3,19.1,88,11.3,25.7,3.086,4.2,goat
0.03,4.0,1.7,505,9.1,2.4,0.002,14.1,mouse
0.56,35.2,8.0,268,11.1,9.2,0.005,14.3,squirrel
4.53,21.1,12.0,159,9.3,12.9,0.152,11.4,cat
6.87,35.2,5.0,85,16.1,18.1,0.173,9.5,fox
3.58,29.4,13.3,157,14.1,11.5,0.106,12.0,cat
0.08,4.2,2.5,422,9.5,2.4,0.003,12.9,hamster
0.67,17.7,8.8,366,10.8,13.6,0.01,13.4,squirrel
0.11,6.3,1.9,326,9.4,2.4,0.001,14.9,hamster
0.89,8.9,5.9,264,6.7,6.7,0.074,8.9,guinea_pig
2.22,18.9,7.0,176,9.2,14.4,0.061,9.3,rabbit
0.98,10.7,7.8,285,6.2,5.4,0.066,10.8,guinea_pig
0.16,6.4,2.6,352,7.1,2.1,0.003,13.5,hamster
22.21,54.1,12.1,70,17.1,23.4,0.365,12.7,dog
0.01,2.7,2.9,300,7.3,1.9,0.003,14.0,mouse
5.01,37.7,4.9,116,14.5,23.5,0.248,10.9,fox
0.56,13.6,6.1,186,12.0,4.8,0.053,11.0,hedgehog
1.65,22.6,10.9,192,10.2,18.1,0.035,8.7,rabbit
4.11,28.6,15.5,159,9.7,13.1,0.114,11.2,cat
2.2,20.1,11.1,169,9.4,14.1,0.044,8.1,rabbit
3.75,26.4,12.6,152,9.0,12.9,0.106,11.5,cat
30.63,70.9,19.1,97,10.6,30.8,2.588,5.0,goat
19.0,51.8,11.4,93,21.4,32.7,0.387,12.8,dog
0.16,6.4,3.0,397,10.4,3.8,0.005,14.3,hamster
0.02,4.0,1.9,436,6.4,1.4,0.002,14.1,mouse
0.32,25.3,8.6,270,9.3,12.6,0.011,11.1,squirrel
26.96,43.3,11.9,87,10.6,26.5,0.476,13.5,dog
8.4,39.3,4.4,104,15.1,17.3,0.146,9.5,fox
3.7,25.8,14.5,195,12.5,10.8,0.098,13.8,cat
0.86,15.7,4.8,205,17.2,4.4,0.05,7.5,hedgehog
3.61,21.8,16.1,140,19.1,13.3,0.095,13.1,cat
48.36,52.9,6.4,77,10.9,40.4,2.549,6.4,goat
3.86,27.4,12.5,162,14.2,11.0,0.106,11.3,cat
0.97,11.8,7.7,247,10.1,6.1,0.051,8.4,guinea_pig
8.54,40.3,4.3,101,7.9,20.6,0.243,10.3,fox
0.1,3.3,2.3,387,8.0,2.7,0.005,13.4,hamster
4.8,24.7,14.6,156,12.4,11.1,0.11,11.5,cat
0.48,22.4,7.2,269,13.3,13.3,0.01,11.8,squirrel
1.88,18.6,10.7,137,12.1,15.7,0.044,10.0,rabbit
23.5,53.4,17.6,66,9.9,32.5,3.067,4.6,goat
2.71,21.7,8.7,185,9.4,14.1,0.071,9.1,rabbit
5.07,33.2,4.0,103,11.3,19.4,0.101,10.2,fox
3.62,25.8,17.6,159,13.1,10.9,0.123,10.7,cat
1.07,15.2,5.0,180,16.2,4.4,0.046,10.2,hedgehog
0.04,3.6,2.0,413,7.3,1.1,0.002,16.5,mouse
1.92,16.9,9.4,163,9.5,16.4,0.043,8.8,rabbit
2.35,21.1,10.5,183,11.6,13.9,0.028,10.3,rabbit
0.89,11.6,3.0,213,17.8,5.6,0.032,9.6,hedgehog
0.96,13.1,3.3,277,9.6,5.8,0.086,10.3,guinea_pig
3.98,25.0,12.5,160,6.7,14.3,0.106,12.7,cat
4.34,25.5,16.2,197,8.6,11.4,0.091,11.8,cat
20.07,48.3,12.5,132,16.6,9.6,0.789,12.8,dog
0.84,13.0,6.6,228,13.5,6.8,0.037,8.4,hedgehog
0.58,12.6,8.3,276,9.2,4.5,0.06,9.6,guinea_pig
2.24,22.1,8.6,148,13.6,19.9,0.044,7.2,rabbit
0.9,18.2,5.3,207,12.6,2.9,0.048,10.1,hedgehog
34.34,83.3,13.9,84,9.6,32.9,3.963,3.2,goat
0.01,4.1,2.6,666,6.1,3.1,0.003,14.9,mouse
1.93,18.9,11.9,188,12.8,21.1,0.055,10.3,rabbit
20.6,49.3,9.7,119,15.9,37.1,0.839,13.4,dog
39.12,38.2,9.9,97,24.3,25.9,0.659,13.3,dog
0.95,16.1,6.7,227,16.1,7.8,0.049,9.9,hedgehog
0.52,25.6,9.2,307,13.5,13.1,0.01,12.3,squirrel
2.28,23.4,15.5,125,4.5,14.7,0.093,10.0,cat
0.03,2.5,2.2,347,6.7,2.2,0.002,13.3,mouse
24.25,76.7,10.8,87,19.7,26.7,0.566,13.1,dog
0.24,8.2,3.4,381,9.5,2.7,0.003,15.3,hamster
24.58,41.5,10.4,104,13.3,30.4,0.767,15.8,dog
1.64,21.8,8.8,190,9.7,17.6,0.058,8.1,rabbit
1.21,22.3,8.7,129,9.9,19.6,0.073,9.2,rabbit
8.6,39.5,5.7,91,13.4,9.0,0.214,9.6,fox
0.51,13.6,7.6,284,9.5,6.1,0.084,9.6,guinea_pig
1.01,15.1,6.3,219,14.1,5.2,0.064,10.0,hedgehog
1.13,12.3,8.7,287,7.8,5.6,0.075,10.2,guinea_pig
2.27,27.1,7.5,224,10.1,10.4,0.064,8.4,rabbit
32.66,53.3,13.7,79,12.4,32.8,3.279,4.6,goat
6.33,45.5,4.4,129,14.6,20.6,0.202,9.1,fox
0.83,14.0,4.4,191,11.3,5.6,0.063,9.7,hedgehog
1.04,12.9,4.8,311,9.4,5.8,0.06,9.3,guinea_pig
0.11,5.6,2.6,378,8.6,2.3,0.002,13.4,hamster
3.03,29.8,14.4,157,17.2,15.6,0.074,12.1,cat
1.05,15.7,2.8,211,20.8,4.6,0.043,9.0,hedgehog
0.75,24.8,9.4,281,16.4,10.5,0.011,12.8,squirrel
0.11,8.9,2.8,321,7.6,2.2,0.002,15.4,hamster
0.5,16.2,10.7,327,9.2,10.1,0.014,11.7,squirrel
25.38,60.6,14.1,81,12.0,42.5,4.423,4.7,goat
25.4,73.8,16.0,67,12.8,29.4,4.133,3.2,goat
3.71,29.5,10.5,157,16.6,10.5,0.133,12.4,cat
0.6,13.6,6.5,261,14.1,6.4,0.073,10.5,guinea_pig
0.42,16.2,3.6,234,12.6,5.0,0.058,8.5,hedgehog
4.41,22.9,12.1,151,13.2,6.2,0.089,13.0,cat
25.13,35.8,9.9,89,16.1,27.3,0.449,13.9,dog
7.91,27.0,4.5,124,17.3,18.4,0.173,9.6,fox
0.6,26.2,9.1,334,13.0,14.5,0.009,12.8,squirrel
13.42,45.5,11.3,112,24.2,28.7,0.422,11.9,dog
0.54,26.1,7.5,325,5.3,10.7,0.006,14.8,squirrel
6.57,38.3,4.6,94,15.2,21.2,0.219,11.9,fox
0.52,21.0,7.1,313,13.5,8.3,0.01,13.4,squirrel
0.86,13.2,4.9,195,12.0,5.2,0.045,9.3,hedgehog
1.57,21.3,7.8,179,10.3,10.7,0.052,8.1,rabbit
0.73,10.7,7.7,283,11.3,7.3,0.091,10.1,guinea_pig
0.17,4.9,2.0,353,6.1,3.0,0.002,13.0,hamster
0.15,4.9,2.2,347,7.7,1.7,0.004,13.7,hamster
0.3,15.3,5.4,203,14.3,4.0,0.057,10.9,hedgehog
0.6,11.0,4.9,241,18.8,4.2,0.058,10.2,hedgehog
0.04,3.3,1.9,471,6.1,2.1,0.002,15.4,mouse
0.82,27.0,9.0,268,6.6,13.0,0.016,13.2,squirrel
1.76,26.4,9.6,174,8.3,14.0,0.041,10.3,rabbit
0.94,12.7,7.7,225,8.4,5.2,0.085,9.4,guinea_pig
2.0,23.2,8.8,171,11.9,15.1,0.066,10.9,rabbit
29.35,62.1,18.9,77,10.7,36.7,4.497,5.2,goat
0.85,14.3,4.1,259,8.0,5.7,0.065,11.3,guinea_pig
3.61,26.0,16.0,165,12.4,14.1,0.119,11.9,cat
0.36,21.8,8.5,329,8.0,11.3,0.007,12.0,squirrel
6.38,44.1,5.1,102,14.7,22.0,0.196,11.1,fox
0.22,6.1,2.5,411,9.7,1.9,0.005,15.4,hamster
0.19,5.0,2.0,349,7.0,2.4,0.003,14.2,hamster
5.25,58.6,14.2,67,20.9,22.9,0.474,13.4,dog
0.03,4.7,2.8,436,8.9,3.2,0.003,16.3,hamster
8.75,44.8,16.1,110,14.3,18.9,0.304,12.2,dog
3.92,27.1,14.2,125,7.3,11.3,0.106,11.6,cat
0.2,8.5,2.1,368,5.8,2.3,0.005,13.7,hamster
1.39,23.0,8.6,175,10.4,14.4,0.046,8.8,rabbit
7.46,36.7,3.3,121,19.9,29.1,0.253,11.0,fox
0.39,19.5,12.1,358,12.0,14.0,0.012,11.4,squirrel
0.5,18.7,9.1,324,9.1,11.5,0.013,11.8,squirrel
1.01,14.7,7.2,293,3.3,5.2,0.063,10.2,guinea_pig
0.16,5.7,2.0,380,9.6,2.7,0.002,14.3,hamster
28.89,60.4,15.3,75,12.7,34.6,4.369,5.5,goat
18.17,46.7,15.9,74,9.2,35.4,4.563,6.9,goat
10.71,36.7,4.0,110,12.3,23.2,0.228,9.2,fox
26.04,40.9,12.8,72,16.9,26.4,0.465,13.4,dog
0.2,5.7,2.7,373,8.6,2.5,0.003,15.9,hamster
1.11,14.0,3.3,289,8.5,6.2,0.062,9.9,hedgehog
1.95,22.0,10.5,157,9.9,10.1,0.043,9.3,rabbit
0.13,6.6,2.9,338,5.6,3.1,0.003,12.5,hamster
0.68,24.4,8.7,302,8.7,11.0,0.003,11.3,squirrel
14.58,52.1,11.3,85,17.1,32.2,0.277,11.6,dog
1.03,10.1,6.0,201,18.5,3.4,0.045,9.0,hedgehog
4.42,19.5,15.3,160,11.3,10.3,0.106,14.0,cat
0.1,5.7,2.0,365,7.6,1.7,0.002,12.4,hamster
0.01,2.9,1.9,448,5.6,2.1,0.002,15.1,mouse
30.29,44.8,14.1,85,9.6,36.5,1.847,3.7,goat
1.11,13.5,5.9,223,12.3,5.4,0.06,9.6,hedgehog
14.93,73.6,12.1,57,15.8,21.8,0.705,11.9,dog
13.35,37.4,10.5,107,11.2,21.4,0.609,13.3,dog
22.44,45.3,15.5,83,15.3,31.1,0.786,14.0,dog
38.05,69.0,16.9,65,12.4,35.3,3.647,5.7,goat
2.38,18.9,10.0,198,7.5,18.5,0.046,9.1,rabbit
0.52,15.2,6.2,225,15.8,4.6,0.031,10.7,hedgehog
0.14,7.0,2.4,386,9.9,2.9,0.002,13.2,hamster
0.58,23.3,7.3,277,9.5,14.1,0.011,13.1,squirrel
33.86,44.8,12.4,67,11.7,39.8,4.218,6.0,goat
28.39,58.7,14.6,70,9.4,34.8,4.399,5.5,goat
0.14,7.6,2.3,387,5.5,2.4,0.002,14.8,hamster
5.45,37.6,2.8,113,11.1,23.3,0.223,8.6,fox
0.89,28.2,8.6,319,13.2,7.9,0.012,13.4,squirrel
30.57,49.7,13.5,64,7.9,45.5,2.229,4.0,goat
30.95,41.0,9.2,119,23.6,22.7,0.174,13.5,dog
34.65,48.5,10.7,89,16.5,22.9,0.88,13.9,dog
0.14,6.1,1.8,337,5.9,3.0,0.004,12.4,hamster
1.54,22.7,10.3,229,10.1,21.5,0.037,10.7,rabbit
0.12,6.0,2.3,339,7.9,2.1,0.005,14.6,hamster
3.9,20.2,14.2,160,17.4,10.8,0.098,12.0,cat
0.99,11.6,9.4,277,11.1,5.2,0.071,10.6,guinea_pig
4.01,25.3,10.3,146,12.4,11.2,0.084,12.7,cat
0.02,3.0,2.0,443,4.9,1.4,0.002,14.6,mouse
0.15,6.7,2.5,370,12.3,2.5,0.003,14.5,hamster
0.6,24.1,7.1,351,8.2,9.8,0.009,12.0,squirrel
0.16,6.7,2.2,393,6.7,2.4,0.003,16.0,hamster
0.02,3.3,1.9,546,5.4,1.7,0.003,14.0,mouse
22.39,71.7,7.0,77,9.6,35.3,3.657,3.9,goat
0.56,17.0,10.3,336,10.8,9.2,0.008,13.1,squirrel
1.2,12.4,6.6,226,13.0,4.0,0.063,10.5,hedgehog
0.79,12.5,5.1,224,21.0,7.0,0.05,9.5,hedgehog
0.53,20.3,6.8,316,9.9,6.6,0.008,14.5,squirrel
0.72,12.3,6.1,269,10.6,5.4,0.068,11.4,guinea_pig
0.04,3.5,2.2,474,8.0,2.7,0.003,13.9,mouse
4.15,26.6,15.4,153,10.3,14.6,0.081,11.5,cat
32.8,58.4,12.5,114,17.6,23.1,0.186,13.4,dog
0.15,5.9,2.3,389,9.0,2.0,0.002,15.0,hamster
0.88,13.0,5.9,221,7.9,5.8,0.082,11.4,guinea_pig
7.69,39.2,3.3,126,12.5,24.0,0.215,11.1,fox
0.32,22.7,6.7,335,13.5,12.7,0.009,15.0,squirrel
8.1,39.9,3.1,98,9.3,25.5,0.176,10.9,fox
36.5,72.1,9.8,77,8.6,24.8,3.075,5.1,goat
4.3,24.4,11.6,131,6.7,12.3,0.135,12.7,cat
0.04,2.8,2.3,449,6.0,2.3,0.002,16.1,mouse
0.62,21.2,8.3,260,13.5,9.9,0.009,13.8,squirrel
28.77,48.8,10.3,91,18.6,24.7,0.26,13.2,dog
0.73,14.5,5.1,239,15.4,4.0,0.05,7.4,hedgehog
3.35,28.4,13.6,125,16.1,14.6,0.102,10.5,cat
4.08,22.3,16.3,137,11.8,13.0,0.123,11.5,cat
7.12,40.9,2.8,111,12.2,23.8,0.185,10.1,fox
39.15,76.4,18.6,90,13.4,38.8,4.847,5.1,goat
0.81,13.0,9.8,259,12.9,3.9,0.03,9.3,hedgehog
1.03,22.7,9.4,326,5.5,12.8,0.009,12.8,squirrel
16.38,67.0,10.2,80,11.5,37.4,1.613,4.4,goat
2.16,24.9,9.4,221,6.2,18.8,0.045,6.9,rabbit
0.02,3.1,2.4,463,7.5,1.7,0.002,15.2,mouse
1.08,16.5,11.7,371,14.1,11.8,0.009,13.7,squirrel
0.84,13.1,5.2,223,14.1,4.8,0.046,9.5,hedgehog
8.8,47.0,5.2,120,6.8,23.1,0.212,9.6,fox
0.89,10.0,5.8,366,6.1,6.6,0.077,10.6,guinea_pig
15.46,54.9,10.3,84,26.9,17.1,0.376,12.5,dog
34.33,70.1,15.7,94,8.5,35.2,2.231,6.3,goat
9.46,41.5,2.5,105,10.4,24.8,0.191,8.5,fox
0.01,3.4,2.3,464,8.0,1.5,0.002,15.5,mouse
6.23,40.4,6.0,70,11.7,12.3,0.256,10.9,fox
0.01,2.3,1.4,581,7.0,1.8,0.002,15.2,mouse
1.2,12.1,4.5,322,6.7,6.3,0.053,9.7,guinea_pig
0.09,5.5,2.0,295,8.5,1.9,0.003,14.4,hamster
5.66,41.4,5.5,117,14.8,30.4,0.205,11.2,fox
0.64,14.0,5.3,237,15.3,4.2,0.064,9.1,hedgehog
7.27,45.8,5.6,128,15.3,28.4,0.219,9.3,fox
0.04,2.7,2.7,556,6.7,1.9,0.002,15.3,mouse
0.74,11.8,4.5,181,15.5,5.0,0.046,9.6,hedgehog
1.68,27.6,6.1,161,8.8,18.3,0.048,9.4,rabbit
28.14,72.3,15.7,80,7.9,33.4,1.189,4.6,goat
5.05,26.5,11.0,162,6.7,11.4,0.128,10.8,cat
4.53,28.9,10.6,148,9.2,11.2,0.092,11.4,cat
17.08,46.5,11.9,60,18.0,22.3,0.762,13.8,dog
4.3,43.1,4.6,109,9.1,22.9,0.13,9.2,fox
0.83,25.8,10.3,335,9.2,12.2,0.014,14.4,squirrel
0.05,3.4,2.1,471,7.1,2.8,0.002,14.5,mouse
0.49,10.7,4.0,237,16.3,5.2,0.057,10.8,hedgehog
0.99,24.5,6.3,374,11.7,10.1,0.006,11.0,squirrel
0.03,2.7,2.4,492,6.6,1.9,0.002,14.8,mouse
2.28,26.2,10.7,117,8.9,15.7,0.057,8.3,rabbit
2.37,80.2,18.7,82,8.4,22.3,3.145,3.1,goat
0.03,2.7,2.3,388,8.2,1.5,0.002,16.2,mouse
32.22,56.8,14.0,92,8.9,23.3,5.264,4.8,goat
0.04,3.2,2.3,467,8.9,2.0,0.003,16.4,mouse
0.78,18.1,3.6,242,15.0,5.2,0.05,10.0,hedgehog
27.3,37.5,13.5,100,22.4,26.2,0.545,14.0,dog
0.18,4.5,2.3,421,6.8,2.2,0.002,15.4,hamster
0.61,15.3,3.6,207,10.9,4.9,0.061,11.0,hedgehog
28.37,65.1,17.3,91,9.7,44.9,2.956,5.5,goat
0.86,14.4,3.1,218,14.0,4.3,0.052,8.5,hedgehog
0.02,6.8,3.2,443,8.3,2.6,0.003,14.5,hamster
38.57,60.0,17.7,93,12.2,31.5,3.101,5.3,goat
0.78,22.3,6.8,378,8.2,9.5,0.005,14.5,squirrel
0.19,6.0,2.1,353,7.1,2.1,0.003,13.5,hamster
2.82,25.7,16.3,157,8.2,13.1,0.108,13.3,cat
6.74,46.9,5.4,106,18.2,16.3,0.247,11.2,fox
0.05,3.3,2.3,438,8.4,2.1,0.001,13.8,mouse
0.86,13.0,6.9,227,9.9,4.9,0.075,8.6,guinea_pig
0.03,3.9,1.0,421,4.8,1.5,0.003,14.8,mouse
0.57,22.2,9.9,295,12.1,11.2,0.014,12.5,squirrel
8.37,46.1,5.5,135,12.4,26.8,0.171,9.4,fox
0.05,3.0,1.6,619,6.6,2.2,0.002,15.8,mouse
1.92,27.4,10.6,164,10.6,12.5,0.046,6.6,rabbit
9.43,56.9,11.9,95,15.6,26.1,0.451,12.9,dog
2.51,20.4,13.8,170,11.6,13.6,0.101,11.4,cat
4.59,26.9,13.8,152,12.6,14.0,0.077,12.7,cat
2.68,17.9,13.7,163,13.8,15.2,0.037,8.6,rabbit
6.51,43.5,5.2,116,12.7,19.2,0.148,11.8,fox
0.8,15.2,9.6,258,8.8,7.3,0.068,10.2,guinea_pig
21.82,53.7,11.5,80,17.0,30.8,0.341,12.9,dog
0.73,12.8,7.7,261,10.4,6.9,0.07,11.1,guinea_pig
3.39,27.8,15.5,141,10.5,11.5,0.096,13.5,cat
0.17,4.4,1.7,338,7.3,2.3,0.003,12.9,hamster
36.86,36.7,16.5,70,8.1,40.8,3.55,5.3,goat
0.04,3.3,2.1,405,7.0,2.5,0.001,16.9,mouse
27.81,64.2,12.4,89,18.1,34.2,0.225,14.6,dog
4.18,21.4,14.8,182,14.3,12.4,0.112,12.0,cat
0.04,3.6,1.9,472,7.5,2.1,0.003,16.8,mouse
12.9,55.2,14.0,78,14.6,25.4,2.884,6.5,goat
0.04,2.4,1.9,531,5.3,1.7,0.002,14.2,mouse
19.51,45.6,10.7,94,14.9,32.6,0.727,13.0,dog
0.73,22.6,9.9,364,18.7,12.8,0.009,12.5,squirrel
0.2,5.8,2.8,343,4.7,1.6,0.003,13.4,hamster
6.47,37.2,4.0,101,7.1,24.1,0.282,9.9,fox
34.41,50.9,16.9,93,8.1,28.7,3.366,3.9,goat
0.77,10.4,6.0,351,9.2,5.1,0.072,10.4,guinea_pig
19.07,50.1,10.8,96,17.2,29.6,0.66,13.1,dog
0.74,12.5,2.5,257,16.8,5.6,0.041,9.7,hedgehog
4.7,32.7,13.8,170,12.2,13.2,0.09,13.0,cat
8.66,40.2,4.9,127,10.1,16.9,0.235,9.6,fox
0.02,2.5,1.5,375,5.3,1.8,0.002,16.3,mouse
9.19,37.1,3.9,93,15.1,30.9,0.249,10.0,fox
13.73,58.6,13.3,95,21.6,24.3,0.77,13.5,dog
0.31,21.7,12.7,326,11.4,10.9,0.009,12.6,squirrel
6.7,41.8,5.9,110,12.5,16.2,0.223,9.6,fox
1.0,11.8,5.8,207,13.0,4.9,0.051,8.1,hedgehog
6.58,34.0,6.4,117,12.3,22.3,0.195,11.1,fox
2.14,23.2,7.5,256,11.1,21.3,0.034,10.8,rabbit
0.97,11.6,5.6,330,10.9,7.2,0.082,6.6,guinea_pig
0.63,18.8,8.8,308,9.6,9.6,0.01,13.3,squirrel
0.85,10.0,8.1,255,9.7,6.3,0.08,10.9,guinea_pig
0.65,10.9,6.8,265,10.7,5.8,0.063,10.9,guinea_pig
0.49,19.8,7.0,333,10.3,8.6,0.011,11.9,squirrel
1.06,13.5,7.0,270,4.8,6.4,0.069,9.7,guinea_pig
11.86,42.2,6.6,86,14.8,21.9,0.579,12.9,dog
7.31,30.9,5.8,111,12.7,13.5,0.186,10.9,fox
0.81,13.3,6.6,251,6.5,6.0,0.066,11.0,guinea_pig
1.17,14.9,5.3,274,8.3,6.5,0.053,10.6,guinea_pig
5.93,48.4,2.3,101,7.7,21.8,0.239,11.1,fox
4.17,25.8,13.4,158,15.2,11.2,0.094,12.5,cat
7.95,39.7,4.1,93,11.7,20.3,0.257,10.2,fox
34.37,60.8,12.6,63,7.2,39.1,3.392,4.6,goat
1.97,21.0,7.2,163,12.9,13.9,0.052,8.3,rabbit
0.21,7.1,2.7,380,8.0,2.3,0.003,14.0,hamster
0.02,2.8,2.0,508,8.3,1.3,0.002,15.1,mouse
0.03,3.5,1.4,550,6.4,1.9,0.001,16.0,mouse
0.17,6.0,2.2,367,9.8,3.0,0.003,14.2,hamster
2.32,22.8,9.7,181,11.3,13.6,0.051,9.8,rabbit
15.12,56.3,10.1,98,18.0,25.1,0.001,12.2,dog
15.72,44.3,12.9,91,20.8,27.9,0.251,13.4,dog
42.34,60.4,15.9,84,13.4,34.4,2.154,6.5,goat
28.45,43.8,11.2,95,14.7,29.1,0.593,13.0,dog
0.03,3.3,1.1,492,5.5,2.1,0.003,15.8,mouse
0.05,2.7,2.6,472,5.9,1.6,0.002,13.7,mouse
0.02,2.8,2.6,455,7.4,2.8,0.001,15.5,mouse
0.04,4.0,1.3,408,6.2,2.3,0.002,16.0,mouse
0.14,5.7,3.1,399,8.1,2.9,0.003,11.9,hamster
25.75,78.1,20.8,85,12.6,38.2,2.906,3.0,goat
1.11,11.2,5.6,279,11.2,6.2,0.069,9.3,guinea_pig
41.36,66.0,15.4,75,9.6,34.9,3.742,4.9,goat
0.88,11.6,6.6,300,12.8,5.7,0.088,11.3,guinea_pig
7.03,46.1,2.9,89,16.2,26.5,0.197,9.5,fox
41.73,77.5,16.1,86,10.8,33.8,3.929,6.2,goat
0.23,4.7,2.6,341,10.2,2.5,0.004,13.8,hamster
1.14,12.0,5.2,235,17.0,4.5,0.066,9.6,hedgehog
2.42,20.1,4.9,155,12.3,18.3,0.044,10.2,rabbit
0.58,22.9,10.1,328,6.6,11.4,0.008,12.7,squirrel
0.65,13.1,5.7,262,8.7,4.0,0.053,8.7,guinea_pig
24.64,41.1,12.5,91,22.4,28.1,0.426,14.8,dog
1.18,16.9,7.6,226,15.1,6.5,0.055,9.0,hedgehog
4.68,27.5,10.8,155,10.9,9.7,0.097,12.1,cat
1.91,20.0,7.3,186,13.7,18.5,0.045,9.0,rabbit
36.57,51.4,21.0,81,10.8,30.9,4.299,6.2,goat
16.42,36.3,12.9,120,18.3,24.4,0.388,13.8,dog
9.42,49.9,13.9,58,17.3,28.9,0.279,12.4,dog
33.26,80.4,15.9,73,10.3,27.8,3.335,5.7,goat
1.17,25.9,9.2,158,8.5,12.5,0.054,9.1,rabbit
25.35,61.1,16.2,59,7.4,43.4,3.356,5.7,goat
0.76,11.1,5.5,226,14.3,4.9,0.049,11.3,hedgehog
0.02,2.6,1.9,495,7.2,1.3,0.001,15.0,mouse
1.31,21.3,9.5,194,8.4,14.2,0.064,7.3,rabbit
0.02,4.0,1.8,412,6.0,1.3,0.002,14.8,mouse
0.99,14.4,6.2,205,18.6,6.1,0.073,10.4,hedgehog
34.97,62.5,12.7,79,5.0,44.4,3.75,4.0,goat
2.04,24.9,11.9,215,11.3,13.5,0.042,8.3,rabbit
0.34,16.4,8.4,260,15.3,9.9,0.012,13.5,squirrel
0.69,25.3,9.0,357,11.9,10.9,0.007,13.2,squirrel
0.04,2.6,1.8,497,5.3,1.6,0.002,13.4,mouse
1.55,20.8,10.2,218,10.0,15.2,0.051,9.9,rabbit
0.94,14.7,2.9,265,9.8,6.2,0.062,11.0,hedgehog
0.7,23.8,9.8,338,7.9,10.5,0.009,13.4,squirrel
38.97,71.7,14.7,72,8.3,28.8,2.405,6.4,goat
0.18,6.9,2.5,394,9.2,2.6,0.001,14.0,hamster
0.73,18.1,7.3,359,8.0,10.1,0.003,12.7,squirrel
0.71,21.6,5.3,319,11.0,11.6,0.014,13.7,squirrel
4.84,57.7,11.2,98,10.0,31.3,0.69,13.7,dog
1.55,22.9,9.8,142,10.4,18.3,0.06,9.1,rabbit
0.97,24.4,8.8,347,13.8,12.1,0.009,14.1,squirrel
0.5,9.6,7.0,187,7.8,6.5,0.07,9.9,guinea_pig
4.85,28.0,12.9,135,21.1,10.4,0.142,12.8,cat
34.77,78.1,16.3,73,13.6,28.4,2.364,3.8,goat
0.02,3.1,1.4,479,8.4,2.6,0.002,15.7,mouse
1.78,17.3,11.1,141,9.5,12.6,0.042,9.4,rabbit
0.04,3.8,2.0,453,7.4,2.4,0.002,15.2,mouse
1.3,13.0,6.2,307,5.1,5.6,0.069,9.8,guinea_pig
0.96,11.7,6.5,291,10.7,6.8,0.073,9.2,guinea_pig
0.71,10.9,6.9,213,13.0,6.3,0.058,9.6,hedgehog
0.02,2.6,1.5,488,6.7,2.6,0.002,14.1,mouse
4.27,23.9,13.9,151,10.3,11.5,0.063,13.8,cat
36.55,54.7,10.3,77,13.7,32.9,2.875,3.9,goat
0.02,2.9,3.4,394,6.5,2.0,0.002,14.7,mouse
0.17,5.7,3.0,363,7.9,2.1,0.005,14.5,hamster
4.44,24.9,15.2,151,9.3,13.3,0.11,11.4,cat
0.25,6.3,1.7,421,6.7,3.3,0.003,15.6,hamster
6.19,32.5,5.1,116,15.3,20.3,0.304,10.0,fox
2.55,23.5,12.9,168,8.9,14.5,0.095,11.0,cat
15.73,51.2,9.9,85,16.5,29.4,0.591,13.3,dog
0.95,14.0,6.5,215,18.7,5.7,0.053,9.0,hedgehog
2.71,23.8,10.8,173,8.8,18.3,0.05,9.1,rabbit
24.8,81.2,10.3,82,9.5,37.0,1.725,5.4,goat
1.26,11.4,4.8,209,20.5,5.0,0.057,8.9,hedgehog
32.6,38.6,12.7,77,19.5,24.8,0.6,14.3,dog
4.08,28.5,16.2,188,11.4,9.3,0.087,11.0,cat
0.02,1.9,1.9,642,8.5,1.9,0.002,15.2,mouse
0.81,25.1,8.6,328,7.5,14.9,0.012,14.0,squirrel
34.97,53.3,17.6,73,8.1,33.9,3.407,4.5,goat
0.78,13.2,7.7,268,7.9,6.5,0.06,10.3,guinea_pig
1.08,11.8,6.5,270,14.9,5.7,0.056,11.3,guinea_pig
0.03,2.7,1.9,548,7.6,1.5,0.002,14.4,mouse
0.08,6.8,1.5,345,7.0,3.5,0.004,14.2,hamster
2.73,22.9,13.5,233,13.2,15.3,0.05,11.2,rabbit
0.9,14.6,6.3,188,21.9,4.9,0.058,10.3,hedgehog
1.15,19.5,9.6,178,7.8,22.0,0.037,8.6,rabbit
0.75,23.7,10.2,339,14.3,12.5,0.011,13.4,squirrel
26.58,66.7,14.0,87,10.6,38.0,4.049,5.2,goat
3.86,23.7,16.5,171,6.8,10.8,0.094,13.0,cat
1.05,12.7,5.0,284,7.5,7.0,0.056,11.2,guinea_pig
10.08,38.5,5.2,113,11.6,26.6,0.19,9.6,fox
0.08,6.8,2.4,373,5.1,2.6,0.004,13.1,hamster
0.02,2.4,1.7,362,8.1,2.1,0.002,15.0,mouse
2.32,18.6,9.4,203,11.4,16.0,0.052,10.6,rabbit
0.05,3.8,1.4,388,6.4,1.9,0.002,13.3,mouse
10.27,41.8,4.1,96,16.7,17.9,0.13,11.5,fox
0.72,10.8,6.7,298,13.2,6.2,0.083,10.7,guinea_pig
49.12,60.8,11.7,85,10.9,34.7,2.29,5.4,goat
45.49,83.5,16.9,80,11.2,34.3,3.435,6.8,goat
2.13,19.8,8.8,169,11.0,14.7,0.05,9.1,rabbit
0.84,9.4,8.9,268,10.5,6.2,0.06,8.3,guinea_pig
28.17,57.8,13.9,100,25.0,20.8,0.373,12.5,dog
1.53,20.9,6.2,192,6.8,16.7,0.056,10.7,rabbit
8.28,42.2,2.0,118,8.2,20.9,0.114,11.0,fox
4.74,28.7,14.1,172,12.9,11.3,0.113,13.1,cat
4.01,23.2,16.0,162,6.3,13.6,0.114,11.5,cat
7.45,47.5,2.6,117,9.1,21.0,0.116,9.9,fox
7.45,42.2,4.7,103,17.6,24.0,0.179,9.1,fox
0.39,27.0,9.3,357,10.7,14.2,0.012,13.9,squirrel
5.12,30.8,17.0,168,12.5,10.9,0.104,9.9,cat
0.4,24.1,11.8,380,8.2,9.4,0.01,13.9,squirrel
0.61,24.3,7.5,290,9.6,7.8,0.011,15.7,squirrel
4.31,25.0,12.2,156,7.9,11.1,0.122,11.3,cat
60.69,80.9,15.7,79,4.9,49.5,2.371,5.4,goat
3.79,26.1,12.8,161,10.9,9.2,0.125,12.5,cat
8.84,42.1,5.8,97,13.7,23.5,0.188,11.5,fox
0.11,7.7,1.3,363,7.5,3.8,0.002,12.2,hamster
0.85,10.7,2.5,211,6.9,5.9,0.065,8.7,guinea_pig
1.01,11.9,4.0,275,9.5,7.7,0.091,10.2,guinea_pig
0.12,6.8,2.2,338,8.3,2.2,0.002,14.7,hamster
1.92,26.7,12.8,189,13.8,13.0,0.116,11.9,cat
4.51,26.4,17.4,178,18.9,11.7,0.089,12.2,cat
0.51,20.2,9.2,347,16.2,11.0,0.007,14.2,squirrel
23.38,48.9,12.4,106,20.3,20.7,0.535,13.2,dog
7.19,34.1,5.2,99,11.1,24.9,0.234,10.1,fox
2.19,23.0,11.4,229,8.3,14.0,0.038,7.8,rabbit
0.49,23.4,7.4,358,6.8,12.7,0.006,12.9,squirrel
4.21,23.5,15.1,177,8.8,10.7,0.11,11.5,cat
0.07,4.4,1.5,413,11.4,1.9,0.002,13.1,hamster
0.16,6.0,2.5,295,9.1,2.1,0.003,14.9,hamster
5.04,23.9,16.7,149,11.5,11.5,0.11,13.0,cat
7.8,43.8,3.4,94,11.8,23.1,0.199,9.9,fox
21.79,51.9,11.4,91,22.5,21.6,0.232,12.9,dog
0.02,2.4,2.9,468,7.1,1.9,0.002,16.3,mouse
1.26,12.4,6.2,316,10.5,5.3,0.063,10.0,guinea_pig
0.81,23.4,10.7,339,8.8,12.4,0.01,12.1,squirrel
1.16,12.7,5.7,232,15.2,4.8,0.028,11.8,hedgehog
0.88,26.4,12.7,290,13.9,13.4,0.008,12.7,squirrel
20.2,47.7,15.4,88,13.2,26.3,0.474,13.1,dog
0.94,17.3,4.8,212,16.4,2.8,0.054,10.4,hedgehog
1.75,19.3,13.2,220,8.7,9.6,0.05,9.2,rabbit
0.89,11.2,3.7,286,8.5,5.7,0.073,9.5,guinea_pig
4.04,30.7,14.4,170,9.8,14.3,0.084,12.3,cat
1.21,10.9,5.9,196,10.7,4.8,0.081,11.9,guinea_pig
4.44,26.3,13.6,164,9.4,10.0,0.069,12.6,cat
33.11,45.3,17.5,91,16.3,31.8,1.983,4.4,goat
6.52,45.9,3.2,117,9.6,24.6,0.242,11.5,fox
1.33,14.3,3.5,228,17.5,5.7,0.048,9.6,hedgehog
0.18,4.7,2.7,405,6.3,2.4,0.004,15.4,hamster
0.9,11.2,4.5,200,18.8,5.2,0.045,9.8,hedgehog
2.17,16.4,9.8,205,11.1,14.3,0.064,8.6,rabbit
0.59,30.1,4.3,275,11.6,5.9,0.014,12.7,squirrel
35.1,62.2,13.3,69,17.5,27.6,0.001,12.1,dog
0.08,6.4,2.5,370,5.1,3.7,0.002,12.5,hamster
11.75,42.4,8.3,75,22.9,17.9,0.186,13.6,dog
31.45,66.2,17.1,80,12.3,44.8,5.056,5.7,goat
0.6,17.1,11.3,233,8.6,13.5,0.011,13.5,squirrel
7.84,40.2,4.0,96,12.8,18.4,0.202,9.5,fox
0.96,11.3,6.9,275,10.6,6.7,0.08,10.1,guinea_pig
0.12,6.3,2.1,377,7.6,2.4,0.004,14.6,hamster
5.46,40.2,3.3,96,12.6,23.6,0.201,9.7,fox
1.71,20.4,10.4,194,9.3,14.2,0.071,9.1,rabbit
0.96,15.3,6.1,234,15.9,5.8,0.048,10.0,hedgehog
0.02,2.7,1.6,520,7.4,2.6,0.003,15.0,mouse
38.65,47.9,11.5,81,14.4,22.5,0.436,13.4,dog
36.64,58.7,17.4,72,9.6,43.7,1.998,4.2,goat
1.17,15.3,5.7,193,17.8,4.9,0.034,12.0,hedgehog
0.59,21.8,11.6,299,13.9,11.7,0.008,12.3,squirrel
4.27,43.0,3.9,86,12.1,28.4,0.171,9.8,fox
22.31,62.4,13.5,101,8.6,38.0,1.721,5.9,goat
0.68,14.7,4.8,215,16.4,5.7,0.032,11.2,hedgehog
25.41,54.0,8.7,106,21.9,26.2,0.975,14.3,dog
29.69,71.3,8.7,64,12.0,23.4,3.215,5.1,goat
1.13,22.9,8.8,209,9.8,10.2,0.063,10.2,rabbit
0.5,15.0,5.7,310,10.2,5.4,0.057,10.5,guinea_pig
6.73,22.4,3.2,111,8.5,15.3,0.271,8.7,fox
0.15,5.6,2.3,358,9.6,2.1,0.001,15.3,hamster
0.97,17.2,4.4,264,16.6,3.6,0.062,10.3,hedgehog
36.46,60.3,15.9,90,11.0,35.2,3.269,5.4,goat
0.03,3.1,2.1,537,6.4,1.9,0.002,13.9,mouse
0.03,2.7,3.1,576,6.9,2.5,0.002,12.5,mouse
0.17,5.6,1.6,351,7.6,2.1,0.003,15.0,hamster
7.68,44.8,3.2,108,12.8,24.0,0.123,10.3,fox
17.34,59.7,9.9,86,20.9,20.5,0.14,13.0,dog
10.64,52.7,12.1,79,19.1,27.2,0.251,12.6,dog
0.56,20.3,8.1,288,14.0,7.9,0.009,14.2,squirrel
0.33,20.4,10.3,302,12.0,12.4,0.01,11.6,squirrel
16.26,61.3,11.5,100,10.2,31.9,3.667,3.2,goat
41.14,50.7,12.9,77,10.9,35.1,5.001,2.7,goat
2.43,17.9,9.8,192,7.1,14.8,0.038,9.4,rabbit
35.75,63.8,22.5,80,9.8,28.6,2.223,3.5,goat
0.04,3.0,1.9,464,6.4,1.4,0.001,16.0,mouse
0.85,13.6,4.6,256,9.0,5.5,0.063,11.0,guinea_pig
1.07,12.0,5.4,253,6.7,5.5,0.073,10.1,guinea_pig
1.63,17.4,7.4,162,14.7,8.8,0.055,10.2,rabbit
2.15,23.6,10.1,171,10.1,14.0,0.045,8.3,rabbit
0.02,2.9,2.4,566,7.4,3.1,0.002,15.6,mouse
3.63,27.0,16.8,159,9.9,10.3,0.06,12.2,cat
0.19,6.2,1.9,369,9.1,3.1,0.004,11.9,hamster
0.27,16.0,8.0,358,9.2,11.3,0.01,11.4,squirrel
4.24,24.1,13.7,148,14.5,14.5,0.101,12.5,cat
1.0,8.9,6.6,287,8.8,6.1,0.089,12.6,guinea_pig
0.89,12.1,6.3,220,12.2,3.8,0.055,10.1,hedgehog
0.76,21.5,11.5,325,9.6,11.8,0.011,12.9,squirrel
0.48,25.7,7.9,304,11.9,13.0,0.01,12.2,squirrel
0.74,26.7,9.0,332,7.1,11.9,0.006,11.7,squirrel
19.78,55.5,7.5,92,16.7,23.5,0.543,13.8,dog
1.39,20.1,9.8,170,11.0,15.7,0.053,8.2,rabbit
25.8,72.5,15.4,81,10.8,39.5,2.422,6.7,goat
1.82,21.8,5.3,189,8.9,15.3,0.042,9.0,rabbit
10.41,37.1,10.0,98,14.1,21.4,0.854,12.2,dog
0.17,6.9,1.7,398,7.6,3.0,0.003,13.1,hamster
0.72,21.2,9.1,284,15.0,8.1,0.004,12.4,squirrel
8.18,50.9,4.0,133,10.4,24.7,0.215,9.2,fox
0.7,12.0,5.4,268,9.4,4.7,0.062,9.1,guinea_pig
61.79,57.9,16.2,62,11.5,40.9,4.609,3.9,goat
1.35,22.8,9.3,195,8.7,13.8,0.033,9.0,rabbit
0.94,12.3,7.1,215,5.2,3.8,0.065,9.4,guinea_pig
0.15,6.3,3.4,385,9.4,2.3,0.002,12.7,hamster
0.05,2.3,2.5,621,5.7,1.9,0.003,15.2,mouse
0.84,12.8,4.1,230,14.0,2.5,0.026,10.3,hedgehog
30.29,59.4,8.4,83,10.7,42.0,3.939,5.7,goat
8.03,37.8,5.2,83,9.0,27.8,0.191,9.4,fox
9.82,56.9,12.3,85,25.1,25.3,0.54,14.1,dog
1.0,13.1,6.6,306,9.3,6.5,0.074,9.1,guinea_pig
0.03,2.8,2.7,502,7.6,2.3,0.001,15.9,mouse
0.85,10.3,8.0,253,8.8,3.9,0.076,11.6,guinea_pig
0.02,2.9,2.8,553,7.3,2.3,0.002,15.9,mouse
0.17,6.9,1.4,400,4.8,1.6,0.002,14.5,hamster
1.12,12.7,5.5,222,6.4,6.9,0.077,10.8,guinea_pig
27.83,63.3,12.9,105,20.5,27.0,0.64,14.1,dog
2.83,21.7,8.7,159,13.8,14.7,0.047,8.8,rabbit
0.11,5.1,2.0,412,11.2,1.9,0.001,14.4,hamster
6.15,32.2,5.4,99,15.8,24.9,0.239,9.3,fox
20.87,45.4,11.3,71,19.4,20.8,0.432,14.3,dog
0.45,18.9,6.9,344,16.1,10.7,0.009,12.2,squirrel
0.43,16.5,6.5,281,10.3,7.8,0.012,13.0,squirrel
0.88,25.9,10.1,350,12.1,12.3,0.009,12.4,squirrel
3.02,24.7,13.2,122,10.5,12.2,0.106,12.5,cat
13.99,69.7,8.7,78,16.3,23.8,0.398,13.4,dog
0.35,22.7,9.9,331,14.6,13.8,0.014,12.5,squirrel
0.06,5.9,2.4,361,5.8,3.4,0.002,11.3,hamster
0.17,7.6,2.7,469,9.6,2.8,0.004,13.7,hamster
3.7,24.7,16.7,140,18.7,13.3,0.076,11.1,cat
0.57,22.5,10.3,329,16.9,8.5,0.01,13.0,squirrel
0.21,3.2,3.4,343,7.5,2.5,0.002,14.8,hamster
0.1,5.9,2.1,423,7.8,3.4,0.003,14.1,hamster
4.39,26.5,14.2,157,13.2,12.8,0.121,12.4,cat
0.22,5.7,3.0,383,7.5,3.5,0.001,14.1,hamster
20.63,43.4,11.9,106,18.2,27.3,0.516,12.5,dog
0.8,13.5,8.0,228,8.3,7.6,0.062,9.5,guinea_pig
3.97,24.4,16.6,155,9.0,11.9,0.103,12.8,cat
1.94,19.7,10.2,215,6.2,12.6,0.057,8.0,rabbit
22.53,63.6,19.2,105,10.6,32.7,3.8,4.4,goat
9.59,39.1,2.7,116,18.5,22.4,0.199,9.4,fox
1.77,21.3,12.4,177,10.6,15.0,0.053,10.2,rabbit
0.95,13.8,6.3,309,8.4,5.8,0.065,9.1,guinea_pig
19.53,50.9,10.4,117,18.7,21.2,0.368,13.1,dog
4.29,28.1,13.2,160,10.9,11.3,0.127,13.2,cat
0.95,13.5,7.0,225,13.4,4.9,0.044,10.5,hedgehog
0.03,3.1,2.0,534,6.8,1.8,0.002,15.2,mouse
4.2,26.8,12.6,164,9.6,13.7,0.107,12.4,cat
0.55,18.8,8.1,337,15.7,9.7,0.014,14.0,squirrel
0.58,16.8,8.4,367,5.8,9.2,0.013,14.5,squirrel
0.04,3.5,2.9,588,7.4,2.3,0.002,14.7,mouse
0.75,13.8,6.8,331,12.9,7.3,0.072,11.4,guinea_pig
1.03,16.5,3.3,226,11.4,4.2,0.059,9.6,hedgehog
6.71,41.6,4.2,119,17.8,23.7,0.2,9.2,fox
3.24,22.0,14.1,128,14.4,14.3,0.079,11.0,cat
29.86,71.4,16.4,86,12.8,28.6,2.41,4.8,goat
56.7,62.7,12.4,89,6.8,37.1,4.126,5.0,goat
39.95,52.7,9.1,102,19.6,16.7,0.645,13.4,dog
22.23,47.3,14.0,97,20.9,17.3,0.179,12.4,dog
8.12,34.5,6.2,151,14.0,19.1,0.187,10.2,fox
23.95,60.9,11.0,71,14.9,22.9,0.678,14.3,dog
0.94,22.9,8.2,296,10.1,10.1,0.013,13.1,squirrel
3.32,24.9,13.1,128,7.1,14.2,0.109,11.2,cat
1.01,15.5,6.8,258,10.0,4.1,0.047,9.2,hedgehog
0.21,5.6,2.5,356,8.5,2.5,0.001,13.6,hamster
0.78,12.9,5.2,235,13.7,5.3,0.062,11.0,hedgehog
0.87,10.7,4.7,276,14.2,4.6,0.06,10.0,hedgehog
0.02,2.3,2.2,620,6.6,2.3,0.002,14.6,mouse
1.11,15.3,4.9,255,15.3,3.6,0.036,10.9,hedgehog
0.79,11.7,2.1,207,16.7,7.5,0.049,11.6,hedgehog
1.87,21.1,9.0,170,7.6,15.2,0.054,8.6,rabbit
3.5,27.9,16.8,186,8.0,9.6,0.113,11.6,cat
0.49,27.9,5.9,311,12.5,11.8,0.006,13.2,squirrel
19.25,59.4,11.0,86,12.1,18.4,0.508,13.6,dog
1.07,25.4,9.3,177,9.2,12.3,0.052,10.4,rabbit
2.03,19.6,9.1,217,8.7,15.8,0.054,9.0,rabbit
1.95,22.9,8.9,154,8.0,15.8,0.055,9.6,rabbit
0.52,25.5,9.1,199,9.5,10.1,0.01,12.8,squirrel
16.21,53.6,12.3,63,8.4,45.5,3.803,6.6,goat
19.61,69.7,8.5,75,10.1,35.4,3.19,5.6,goat
5.61,28.4,14.6,148,10.2,14.6,0.089,12.2,cat
0.12,6.5,2.5,382,8.9,2.5,0.004,12.9,hamster
1.27,14.2,4.8,197,15.6,5.0,0.046,10.5,hedgehog
0.17,5.4,2.2,384,10.1,2.2,0.004,14.0,hamster
0.05,2.7,1.7,384,6.3,1.7,0.003,15.4,mouse
0.12,4.9,3.5,314,10.8,2.4,0.002,14.1,hamster
0.01,2.9,1.6,449,7.5,1.7,0.002,16.4,mouse
29.35,52.4,10.2,99,18.3,23.3,0.457,12.1,dog
1.05,28.0,11.8,294,16.3,12.3,0.014,13.5,squirrel
0.19,7.1,2.7,437,8.7,1.8,0.002,14.6,hamster
4.9,24.1,10.7,142,14.0,11.3,0.071,11.9,cat
1.14,10.6,6.3,318,9.4,6.0,0.083,10.4,guinea_pig
7.9,48.2,3.8,119,11.2,20.4,0.27,9.8,fox
3.41,22.4,10.4,177,15.7,10.5,0.102,10.9,cat
1.47,20.1,9.9,222,10.1,14.5,0.047,9.6,rabbit
0.52,17.4,8.7,313,15.9,13.1,0.011,13.4,squirrel
1.1,9.8,6.9,265,11.1,7.6,0.068,11.4,guinea_pig
8.41,36.5,5.4,116,11.8,16.7,0.2,10.0,fox
2.24,26.1,10.1,188,4.9,22.3,0.051,8.2,rabbit
10.01,38.3,5.8,126,13.2,27.9,0.298,12.4,fox
0.05,2.8,2.1,473,7.6,2.0,0.002,14.9,mouse
0.03,2.4,2.1,460,6.5,2.0,0.002,16.5,mouse
9.2,42.7,10.7,67,11.0,33.3,0.171,14.9,dog
0.03,3.1,2.0,587,6.4,2.6,0.002,15.4,mouse
5.4,37.8,4.8,94,10.7,23.8,0.214,9.8,fox
0.39,21.3,9.1,299,8.6,13.2,0.012,14.3,squirrel
1.28,12.9,5.1,318,8.8,5.5,0.07,9.9,guinea_pig
0.7,12.8,7.3,319,5.3,3.6,0.06,10.5,guinea_pig
0.89,24.7,8.1,294,10.5,8.8,0.006,11.1,squirrel
0.58,23.7,6.9,312,8.8,13.8,0.016,12.8,squirrel
17.64,54.2,13.7,106,16.7,18.1,0.304,13.1,dog
0.59,24.0,8.3,290,10.4,13.9,0.008,13.3,squirrel
0.51,19.6,6.7,284,10.3,14.1,0.004,13.0,squirrel
0.82,29.2,10.3,342,13.9,10.7,0.009,12.1,squirrel
0.04,2.5,2.5,355,6.8,2.3,0.003,15.4,mouse
0.83,13.8,5.8,231,14.2,3.9,0.036,10.4,hedgehog
3.25,24.5,13.4,181,16.1,11.7,0.08,10.9,cat
0.23,27.5,7.5,312,8.3,9.5,0.003,11.7,squirrel
24.09,38.4,9.3,101,16.0,23.6,0.74,11.9,dog
7.19,42.2,4.2,97,16.0,18.3,0.201,10.6,fox
0.93,19.7,7.6,297,3.1,9.0,0.007,13.8,squirrel
0.07,5.6,2.5,392,11.4,1.8,0.003,14.7,hamster
1.17,14.8,3.8,192,12.3,4.3,0.035,13.2,hedgehog
0.61,23.4,5.4,288,6.2,8.8,0.018,12.2,squirrel
2.16,26.9,7.7,202,9.4,14.6,0.067,9.4,rabbit
0.67,24.2,12.3,363,7.9,11.0,0.009,11.2,squirrel
0.45,15.7,10.5,297,9.0,12.7,0.006,13.9,squirrel
0.03,3.7,2.4,359,6.4,2.0,0.003,17.4,mouse
39.33,76.3,22.7,75,8.5,37.7,2.415,5.4,goat
0.17,6.3,2.6,445,8.2,1.6,0.002,14.1,hamster
1.01,11.7,6.4,284,10.3,5.9,0.089,10.3,guinea_pig
21.95,76.1,13.0,78,9.2,33.6,3.107,6.3,goat
0.42,24.4,13.3,279,11.6,13.6,0.01,13.5,squirrel
0.19,6.9,1.6,412,10.2,3.0,0.001,15.1,hamster
1.01,15.7,3.8,215,17.6,4.8,0.042,10.2,hedgehog
0.04,2.6,1.9,624,8.5,2.2,0.003,16.7,mouse
0.34,19.2,11.4,314,7.8,10.0,0.007,12.9,squirrel
1.14,15.6,4.4,213,14.7,4.8,0.044,8.9,hedgehog
0.83,28.0,9.2,262,7.4,10.9,0.013,12.1,squirrel
6.92,34.5,5.3,127,5.9,23.1,0.193,10.7,fox
7.63,40.1,3.0,101,11.1,26.6,0.228,9.9,fox
0.92,13.6,7.0,271,7.7,7.7,0.072,9.4,guinea_pig
29.96,69.6,14.9,69,12.6,32.0,4.648,4.4,goat
6.47,40.3,2.4,112,14.4,26.0,0.171,10.3,fox
1.01,11.5,7.7,288,8.3,6.5,0.081,9.9,guinea_pig
0.61,18.1,9.8,303,8.2,10.8,0.007,12.9,squirrel
0.87,16.7,7.8,233,7.7,9.7,0.011,14.2,squirrel
0.87,19.3,5.7,214,13.7,6.3,0.053,9.7,hedgehog
32.4,62.6,12.6,78,9.7,38.9,1.906,6.1,goat
2.63,22.3,14.5,138,13.6,13.7,0.122,9.9,cat
27.15,38.9,13.5,103,20.0,35.7,0.458,12.2,dog
0.95,11.4,8.5,256,6.9,5.5,0.07,8.8,guinea_pig
2.21,20.8,5.6,163,9.8,14.2,0.051,10.9,rabbit
1.68,29.2,11.9,151,7.3,13.7,0.05,9.3,rabbit
0.03,3.0,2.5,541,7.3,1.2,0.003,16.7,mouse
33.41,59.4,16.9,78,6.3,34.4,2.2,5.9,goat
2.22,20.0,10.9,166,13.0,12.1,0.051,9.9,rabbit
6.54,49.9,3.1,94,9.5,18.3,0.207,10.0,fox
20.33,50.4,13.0,115,25.9,27.0,0.556,14.5,dog
0.87,13.7,5.5,253,14.4,4.9,0.06,11.6,hedgehog
1.08,7.6,7.0,293,9.1,6.3,0.071,10.5,guinea_pig
3.14,25.6,9.8,162,11.8,13.1,0.092,8.9,cat
0.81,14.3,5.7,211,12.8,6.9,0.055,8.7,hedgehog
0.02,2.5,2.4,560,7.0,1.8,0.002,14.2,mouse
8.92,41.2,6.3,115,11.3,9.5,0.2,10.2,fox
6.0,38.1,6.3,84,13.8,23.6,0.216,9.4,fox
3.95,27.0,10.6,168,14.4,11.5,0.134,11.9,cat
6.44,46.5,4.9,113,16.6,18.5,0.218,9.5,fox
43.69,63.2,13.6,82,9.2,37.4,2.372,5.9,goat
55.93,55.0,19.8,84,10.1,38.0,2.589,4.8,goat
35.75,68.1,9.0,76,10.1,37.1,2.984,4.6,goat
27.76,56.9,14.3,102,10.2,23.2,0.324,14.8,dog
0.76,20.7,7.6,209,9.3,12.5,0.007,11.4,squirrel
0.02,3.0,3.3,491,6.1,2.1,0.002,17.2,mouse
0.03,3.6,1.7,468,7.7,2.4,0.002,14.9,mouse
0.2,6.6,2.8,341,8.9,1.7,0.003,13.6,hamster
0.57,19.2,8.2,339,9.2,11.7,0.018,11.4,squirrel
3.36,22.7,9.6,163,8.6,13.7,0.058,14.3,cat
0.57,12.5,5.9,261,11.1,7.0,0.055,10.8,guinea_pig
4.38,26.5,12.4,171,6.5,12.3,0.103,13.8,cat
29.57,41.7,13.8,86,27.1,24.2,0.494,14.0,dog
0.79,9.8,1.8,276,10.9,5.9,0.048,11.0,guinea_pig
0.14,8.0,2.3,329,6.9,3.5,0.004,12.6,hamster
0.82,9.8,6.3,253,12.2,8.6,0.083,10.7,guinea_pig
0.08,3.8,2.8,325,8.4,2.1,0.004,14.5,hamster
4.29,39.7,5.0,85,8.1,24.5,0.22,10.0,fox
42.97,59.2,18.0,99,11.1,38.3,3.959,4.1,goat
33.35,74.9,10.7,81,10.9,29.9,3.461,4.2,goat
0.89,20.6,8.7,337,13.1,11.3,0.012,12.4,squirrel
2.02,24.6,7.7,190,8.8,17.1,0.048,9.7,rabbit
0.87,9.3,0.9,307,12.5,5.5,0.071,9.9,guinea_pig
0.05,2.9,2.0,539,6.4,2.1,0.003,14.8,mouse
0.64,15.4,4.0,212,13.4,4.6,0.058,9.2,hedgehog
43.97,70.7,19.7,90,9.7,29.5,3.061,4.1,goat
14.7,68.3,10.8,112,17.1,27.1,0.226,14.3,dog
3.78,26.1,16.4,164,13.3,10.9,0.129,11.0,cat
44.48,51.7,15.2,69,19.4,33.5,0.52,14.2,dog
0.4,26.9,8.9,314,8.0,11.7,0.01,13.0,squirrel
0.05,2.9,1.2,391,6.3,2.6,0.002,12.8,mouse
0.63,13.3,10.2,354,9.9,12.2,0.009,12.5,squirrel
0.02,3.4,1.2,635,7.8,2.3,0.002,15.3,mouse
0.04,3.0,1.8,420,7.4,1.8,0.002,13.9,mouse
7.07,37.6,4.7,116,7.9,25.8,0.205,8.0,fox
28.06,64.4,14.6,83,7.6,34.7,3.277,5.4,goat
0.04,2.2,2.4,392,4.5,1.9,0.002,15.4,mouse
0.82,12.4,5.7,238,13.3,5.4,0.047,11.1,hedgehog
1.96,17.8,9.1,141,9.5,12.9,0.046,9.3,rabbit
0.13,5.9,3.1,310,9.0,3.4,0.004,14.1,hamster
0.04,3.6,2.0,566,6.8,2.2,0.002,13.8,mouse
39.32,56.3,16.2,77,9.1,34.9,3.624,4.8,goat
40.4,54.2,13.4,92,8.8,31.9,1.318,5.4,goat
0.02,2.0,2.1,541,7.1,1.8,0.002,16.8,mouse
0.03,2.4,1.8,586,6.7,2.6,0.001,15.6,mouse
1.07,11.9,6.4,192,14.1,6.0,0.056,9.7,hedgehog
0.23,6.6,3.1,347,7.9,2.3,0.001,14.5,hamster
3.35,26.8,16.1,147,9.0,10.6,0.082,12.1,cat
0.04,2.6,2.8,437,7.2,1.6,0.002,17.3,mouse
1.0,9.9,5.6,239,4.9,7.0,0.072,11.6,guinea_pig
0.13,6.8,2.3,416,8.8,1.7,0.003,12.7,hamster
34.66,61.7,14.6,67,9.4,36.4,4.072,5.5,goat
0.18,6.2,2.2,378,9.7,3.1,0.003,15.8,hamster
7.41,35.3,4.3,92,9.2,26.5,0.278,11.5,fox
0.22,6.2,2.1,380,8.0,3.2,0.003,14.7,hamster
0.75,12.9,7.8,345,9.4,12.2,0.008,13.6,squirrel
8.15,38.3,5.6,107,7.4,29.0,0.221,12.2,fox
7.49,40.7,3.1,103,7.6,26.9,0.33,10.2,fox
33.7,62.1,15.1,79,11.4,40.4,2.174,3.9,goat
13.96,44.7,12.1,97,12.3,22.3,0.574,13.6,dog
0.85,16.0,3.2,205,17.0,6.2,0.049,9.9,hedgehog
8.39,36.3,5.6,124,9.1,29.0,0.202,10.7,fox
1.81,21.1,10.2,153,8.8,13.3,0.052,9.2,rabbit
0.17,6.7,2.2,372,2.1,2.0,0.003,13.7,hamster
0.04,2.5,2.0,413,5.2,2.1,0.002,14.0,mouse
1.66,18.1,8.2,171,9.8,13.4,0.045,9.5,rabbit
38.87,60.8,20.1,72,10.8,42.1,2.556,3.9,goat
14.31,52.5,16.8,79,11.6,43.5,3.34,4.8,goat
3.97,21.2,9.9,191,11.8,12.8,0.097,10.5,cat
0.99,28.4,11.6,332,13.4,9.3,0.008,14.1,squirrel
1.08,11.7,6.4,306,6.6,6.8,0.058,10.9,guinea_pig
7.58,43.4,3.3,120,15.7,27.5,0.248,11.1,fox
2.33,29.3,10.1,181,12.6,12.0,0.049,9.8,rabbit
4.26,28.1,15.2,209,12.4,11.8,0.092,10.7,cat
36.81,60.2,15.6,59,9.2,27.1,2.925,4.2,goat
4.4,25.8,17.4,174,12.7,9.2,0.086,10.8,cat
6.94,37.6,4.0,113,11.1,27.9,0.164,8.7,fox
0.04,2.4,2.0,477,4.2,2.3,0.002,16.5,mouse
1.11,18.1,5.6,231,16.2,6.3,0.046,11.1,hedgehog
2.65,21.9,5.5,193,14.9,9.7,0.042,7.6,rabbit
1.9,19.7,9.7,201,11.5,13.6,0.051,9.2,rabbit
0.93,16.2,6.1,216,19.6,4.7,0.069,9.3,hedgehog
0.79,19.8,9.8,246,10.5,12.8,0.008,13.3,squirrel
0.91,13.5,6.8,225,18.6,5.0,0.027,8.5,hedgehog
0.76,22.6,14.0,294,14.2,11.5,0.015,13.6,squirrel
1.17,12.3,6.3,291,5.4,5.3,0.061,11.4,guinea_pig
0.49,15.5,5.6,189,20.9,2.5,0.031,8.6,hedgehog
14.69,42.2,13.1,94,22.0,21.2,0.564,13.3,dog
47.89,62.9,14.7,80,13.0,28.0,3.487,4.1,goat
6.14,35.7,5.6,107,12.1,21.8,0.27,10.9,fox
0.79,11.5,5.4,221,16.7,4.8,0.054,10.6,hedgehog
1.65,17.9,10.1,173,12.2,17.6,0.056,8.8,rabbit
26.21,71.4,12.5,88,11.3,33.3,3.142,6.7,goat
7.14,43.5,4.4,106,9.1,16.8,0.165,9.6,fox
38.5,71.9,15.2,100,10.2,35.5,2.711,3.5,goat
16.12,52.4,11.0,98,18.2,18.1,0.319,13.5,dog
0.59,13.3,5.2,304,10.3,5.6,0.081,11.5,guinea_pig
1.22,17.9,9.2,181,13.4,15.6,0.048,8.6,rabbit
2.28,20.5,8.7,190,10.5,19.7,0.03,10.3,rabbit
0.62,23.3,11.3,297,7.5,10.1,0.008,13.3,squirrel
1.14,10.5,6.0,274,7.6,7.0,0.087,9.9,guinea_pig
2.88,28.2,12.3,184,14.8,13.7,0.105,11.8,cat
49.16,66.3,13.2,81,11.2,33.6,4.529,7.0,goat
1.78,25.7,8.3,168,13.1,17.3,0.056,8.3,rabbit
32.23,54.4,11.9,62,17.8,25.5,0.432,13.7,dog
3.92,29.4,15.0,143,14.5,11.0,0.074,11.8,cat
20.85,69.6,7.9,71,8.6,31.7,3.708,5.3,goat
36.25,40.8,12.6,97,10.3,18.0,0.607,12.3,dog
0.6,15.9,6.5,177,16.6,6.1,0.047,10.3,hedgehog
1.08,11.5,6.0,283,8.0,6.1,0.064,10.4,guinea_pig
6.29,17.9,12.3,143,12.6,15.2,0.098,12.3,cat
0.04,2.3,2.9,470,6.0,1.9,0.003,13.2,mouse
0.16,4.9,2.5,380,11.4,2.3,0.002,13.1,hamster
1.26,15.0,8.7,179,11.6,16.6,0.051,7.6,rabbit
19.98,45.3,10.5,103,18.3,22.7,0.458,13.7,dog
7.37,40.0,5.5,107,13.9,31.9,0.223,12.3,fox
36.31,64.2,13.4,96,5.8,33.2,3.302,6.0,goat
18.12,90.7,9.9,71,8.8,37.9,3.693,5.9,goat
14.71,63.1,11.7,60,11.5,27.0,2.295,5.6,goat
0.23,6.0,2.6,380,7.4,2.0,0.001,15.1,hamster
0.89,15.2,5.5,181,13.5,5.9,0.036,9.3,hedgehog
6.08,40.5,5.0,105,17.6,22.3,0.187,9.8,fox
0.89,13.0,5.7,293,8.6,6.3,0.077,10.8,guinea_pig
0.36,23.0,8.1,249,10.9,11.5,0.004,13.0,squirrel
0.22,6.6,1.8,415,6.4,2.4,0.004,12.9,hamster
8.99,57.4,10.9,89,21.4,20.5,0.443,14.5,dog
0.72,11.4,3.4,232,17.5,4.9,0.039,8.8,hedgehog
28.39,69.1,16.0,65,10.2,49.1,5.175,6.7,goat
0.12,5.3,2.8,371,5.8,2.6,0.003,16.3,hamster
35.4,36.4,11.9,98,17.1,30.4,0.881,12.8,dog
0.12,5.1,1.8,369,7.3,2.3,0.002,13.4,hamster
5.33,43.2,4.1,108,9.3,26.9,0.223,10.9,fox
4.03,25.9,15.4,150,10.7,9.2,0.11,12.7,cat
0.66,13.0,4.2,210,13.0,6.7,0.041,9.7,hedgehog
0.03,2.4,1.4,479,7.3,1.8,0.002,15.2,mouse
0.67,14.8,4.0,222,10.6,4.6,0.059,11.1,hedgehog
12.03,53.6,13.7,92,22.7,22.5,0.31,12.7,dog
0.01,2.5,1.5,496,3.8,2.0,0.002,14.4,mouse
26.56,60.2,8.3,63,22.5,27.0,0.716,13.5,dog
0.03,3.1,1.8,492,6.2,2.3,0.002,14.6,mouse
0.77,15.3,7.3,215,9.8,4.4,0.072,8.9,guinea_pig
28.18,71.4,15.2,77,9.7,35.1,1.912,3.9,goat
1.98,18.2,9.6,148,10.3,20.6,0.04,9.8,rabbit
9.23,36.1,3.6,126,17.2,19.8,0.188,9.8,fox
0.96,13.2,5.4,201,19.6,4.3,0.062,9.2,hedgehog
0.2,27.2,6.5,340,9.3,11.7,0.007,11.7,squirrel
1.12,12.9,3.7,249,11.3,4.5,0.066,9.3,hedgehog
7.12,45.1,4.1,90,13.1,25.9,0.161,12.2,fox
0.65,22.6,7.1,250,7.3,13.2,0.013,12.0,squirrel
4.5,33.3,4.2,100,12.1,12.2,0.186,9.5,fox
0.2,7.6,2.6,403,6.9,1.6,0.003,15.7,hamster
1.02,13.4,5.1,283,6.0,6.7,0.069,8.9,guinea_pig
33.2,52.0,15.3,70,8.3,41.3,3.113,4.8,goat
0.68,12.8,4.8,208,16.3,3.9,0.034,8.8,hedgehog
28.23,71.4,10.6,79,6.1,31.5,2.714,4.1,goat
0.19,4.8,2.1,321,6.5,2.2,0.003,13.8,hamster
0.98,29.0,8.1,276,10.8,8.9,0.009,11.6,squirrel
8.21,33.2,3.6,109,13.2,20.4,0.277,11.2,fox
54.74,60.9,14.5,76,12.8,38.4,2.676,3.3,goat
27.85,55.7,15.0,111,15.4,17.0,0.269,12.4,dog
4.95,26.8,9.3,177,12.3,11.6,0.096,11.7,cat
67.33,56.1,15.6,80,9.6,35.6,2.546,4.3,goat
2.11,24.4,11.0,206,10.7,14.7,0.058,7.6,rabbit
0.92,12.5,4.9,185,12.4,5.6,0.036,9.6,hedgehog
0.75,11.7,4.8,238,18.4,5.3,0.036,10.3,hedgehog
0.98,13.6,3.4,317,6.5,6.3,0.089,8.7,guinea_pig
4.04,17.7,14.8,213,10.2,10.6,0.08,12.0,cat
0.98,13.2,6.0,249,9.0,5.9,0.065,9.9,guinea_pig
0.23,3.3,1.8,376,6.6,2.9,0.003,15.6,hamster
10.01,38.7,6.0,99,13.2,21.6,0.223,10.6,fox
26.24,60.6,14.4,104,24.4,25.7,0.631,11.7,dog
9.33,44.8,3.3,95,17.6,23.9,0.136,10.4,fox
3.37,22.7,13.4,146,11.4,10.0,0.121,10.9,cat
1.55,24.0,9.3,207,6.4,15.2,0.036,7.1,rabbit
1.19,14.0,3.7,243,11.4,6.4,0.082,9.7,guinea_pig
0.13,21.6,7.9,337,16.2,13.6,0.01,12.9,squirrel
43.08,71.0,16.5,85,9.1,40.1,2.228,6.9,goat
0.16,7.6,2.2,341,9.1,2.4,0.002,13.3,hamster
31.8,58.2,11.6,86,8.7,33.8,4.188,4.8,goat
0.84,20.2,5.3,384,8.4,11.0,0.014,13.2,squirrel
0.05,3.8,1.7,495,5.1,1.8,0.002,14.5,mouse
20.89,82.4,12.4,85,12.5,44.3,1.795,7.0,goat
19.62,83.4,14.8,81,11.8,26.0,3.984,7.1,goat
0.54,28.3,10.1,325,10.6,10.0,0.008,11.6,squirrel
0.87,14.3,5.9,197,18.8,5.6,0.063,12.1,hedgehog
3.72,25.3,16.1,152,19.9,11.0,0.115,10.7,cat
0.84,10.7,3.8,160,16.6,4.6,0.054,10.2,hedgehog
34.26,71.5,10.6,72,8.1,40.7,3.649,8.0,goat
5.23,24.1,16.5,143,12.5,15.5,0.079,10.5,cat
19.57,56.9,8.9,102,18.2,19.0,0.642,14.1,dog
4.31,27.5,12.8,159,13.4,12.3,0.074,12.6,cat
0.12,6.3,2.0,430,12.1,2.3,0.004,14.0,hamster
1.79,18.4,7.7,168,10.6,15.0,0.06,9.9,rabbit
1.87,23.7,13.4,185,6.9,19.6,0.049,9.2,rabbit
0.86,13.9,7.1,225,18.7,4.9,0.051,9.9,hedgehog
2.6,21.8,12.0,210,6.7,15.0,0.027,9.5,rabbit
5.7,24.2,12.0,190,9.9,10.4,0.081,11.7,cat
0.63,21.7,10.1,334,7.1,9.9,0.012,13.1,squirrel
7.81,45.8,2.9,135,13.6,26.3,0.255,10.2,fox
0.03,3.4,2.2,462,6.8,1.6,0.003,14.1,mouse
3.21,19.8,10.8,130,10.4,13.1,0.052,8.6,rabbit
1.97,21.3,8.5,125,7.8,16.8,0.046,7.6,rabbit
4.62,23.7,15.0,184,15.1,8.3,0.111,10.1,cat
0.03,3.8,2.6,437,9.0,2.5,0.002,13.7,mouse
0.03,2.9,2.7,491,6.8,2.2,0.002,14.6,mouse
1.78,22.6,7.8,159,10.0,12.6,0.044,7.8,rabbit
0.05,3.0,2.0,442,6.9,2.4,0.003,15.1,mouse
3.08,28.3,14.4,180,14.3,8.6,0.106,11.9,cat
0.79,14.7,5.3,246,8.9,5.6,0.074,8.6,guinea_pig
22.07,55.6,10.7,89,18.2,22.9,0.398,12.5,dog
1.78,25.9,6.3,189,10.3,16.6,0.043,8.7,rabbit
6.81,38.3,4.3,101,13.6,17.6,0.155,9.3,fox
0.9,14.8,3.0,252,15.0,2.8,0.052,10.9,hedgehog
20.95,57.8,12.0,81,18.4,36.1,0.257,13.0,dog
6.56,38.9,5.5,118,10.7,24.6,0.237,7.4,fox
0.68,13.7,3.5,243,21.7,5.4,0.049,10.7,hedgehog
25.06,52.0,9.8,69,18.3,29.7,0.106,12.4,dog
0.24,5.6,2.1,371,9.6,2.0,0.002,14.8,hamster
0.71,23.8,6.9,316,6.6,9.0,0.008,12.1,squirrel
4.35,25.3,14.6,158,14.3,10.9,0.116,10.8,cat
0.12,5.9,2.5,352,10.2,2.2,0.002,14.7,hamster
4.17,31.7,15.1,181,12.6,10.7,0.093,13.7,cat
5.84,29.3,6.3,119,14.5,26.9,0.228,11.1,fox
0.17,5.9,2.1,400,7.2,3.2,0.004,15.1,hamster
0.92,14.2,9.8,309,7.4,5.4,0.07,10.1,guinea_pig
3.4,25.7,11.8,166,10.4,16.2,0.049,7.7,rabbit
4.45,25.5,18.2,187,15.1,11.6,0.082,11.4,cat
0.84,11.1,6.3,253,4.7,5.8,0.084,9.9,guinea_pig
10.04,47.4,5.9,108,9.1,31.4,0.231,9.5,fox
3.47,24.5,16.0,188,15.8,7.5,0.118,12.7,cat
43.77,74.6,13.3,79,12.3,35.7,2.619,6.9,goat
23.8,48.1,12.2,86,9.7,28.9,3.533,7.4,goat
0.49,18.4,8.6,304,8.6,7.5,0.012,11.9,squirrel
40.73,69.0,13.9,82,8.8,46.7,2.842,5.3,goat
0.04,5.9,3.1,472,8.2,1.9,0.003,13.5,hamster
2.35,24.3,7.5,150,8.2,14.4,0.045,9.3,rabbit
3.42,27.4,13.9,180,12.8,11.8,0.089,13.1,cat
0.85,24.1,7.1,227,9.7,12.4,0.009,12.4,squirrel
0.04,3.1,2.5,453,7.8,2.3,0.002,16.2,mouse
1.23,9.2,6.3,241,10.9,5.5,0.073,11.2,guinea_pig
0.92,10.2,3.5,255,7.5,8.2,0.069,12.0,guinea_pig
1.15,14.2,4.2,231,17.2,5.1,0.039,9.4,hedgehog
37.64,75.7,14.7,88,9.4,46.1,1.899,5.2,goat
1.22,10.8,3.2,234,12.3,3.9,0.055,12.3,hedgehog
1.07,19.6,10.2,342,9.8,15.0,0.009,11.9,squirrel
9.0,48.7,3.5,128,12.3,24.8,0.293,11.2,fox
0.79,11.3,5.2,252,15.2,4.9,0.048,10.0,hedgehog
0.2,5.8,2.3,462,8.9,2.9,0.003,14.1,hamster
12.68,49.0,11.1,66,7.5,24.4,0.377,14.3,dog
0.82,14.0,6.5,201,14.5,4.7,0.038,10.2,hedgehog
4.05,25.0,10.4,164,11.7,14.1,0.104,11.0,cat
41.3,85.8,16.2,74,8.4,22.6,1.91,5.3,goat
0.01,3.4,2.1,408,7.0,2.9,0.001,15.3,mouse
32.14,46.9,16.2,65,7.4,36.1,3.655,5.0,goat
23.17,60.5,11.2,90,17.3,41.0,0.605,13.9,dog
1.06,10.2,6.7,236,6.7,6.9,0.084,10.5,guinea_pig
2.87,21.7,13.1,189,14.7,15.2,0.069,12.1,cat
32.59,62.1,13.3,84,11.6,39.2,3.604,5.1,goat
2.64,23.9,10.1,182,11.8,16.7,0.031,8.5,rabbit
6.25,28.4,14.4,124,9.3,8.2,0.089,12.6,cat
0.71,11.6,4.9,275,5.6,5.0,0.082,9.3,guinea_pig
0.17,5.8,2.4,323,6.7,2.5,0.004,15.2,hamster
2.6,28.4,8.1,198,9.8,10.5,0.063,9.2,rabbit
1.26,10.1,6.3,263,6.1,8.0,0.082,10.6,guinea_pig
2.67,21.6,9.0,186,10.9,15.5,0.048,9.2,rabbit
4.66,23.7,12.5,153,9.8,10.4,0.12,12.1,cat
35.56,57.5,13.7,85,12.5,20.4,0.284,12.8,dog
37.73,72.5,14.8,70,9.6,37.7,3.242,5.8,goat
1.91,26.3,7.6,211,7.6,13.6,0.043,9.4,rabbit
4.16,26.3,15.6,134,11.8,10.3,0.086,12.4,cat
2.07,23.0,9.2,200,9.6,23.6,0.039,9.5,rabbit
19.28,40.1,12.5,100,24.5,30.8,0.519,11.8,dog
2.99,23.2,7.4,170,12.2,15.5,0.058,8.7,rabbit
0.74,12.4,5.2,297,7.1,5.6,0.031,10.0,guinea_pig
0.7,12.1,6.2,266,8.5,6.0,0.074,9.8,guinea_pig
26.75,29.6,14.0,108,24.3,17.3,0.205,12.7,dog
17.65,52.6,13.6,96,21.4,23.8,0.453,13.6,dog
4.16,25.2,15.6,137,6.8,12.3,0.116,10.7,cat
1.56,21.8,6.3,262,11.9,13.2,0.037,9.2,rabbit
15.03,55.2,9.3,105,17.0,18.3,0.271,13.2,dog
0.04,3.5,1.7,610,6.8,2.4,0.002,16.2,mouse
0.51,13.6,4.8,222,14.2,6.8,0.056,10.6,hedgehog
0.73,13.3,5.7,223,10.0,3.9,0.046,10.3,hedgehog
14.59,52.4,13.8,76,14.0,26.3,0.484,13.1,dog
4.09,22.2,13.5,183,14.5,9.6,0.053,12.6,cat
42.77,52.2,15.5,85,11.2,44.1,2.608,4.5,goat
1.03,15.0,7.5,158,8.4,10.9,0.051,9.2,rabbit
0.71,12.5,3.8,261,16.2,5.3,0.052,11.5,hedgehog
2.53,21.4,5.9,150,8.9,18.9,0.044,6.6,rabbit
5.52,44.4,2.5,118,20.6,20.2,0.159,10.4,fox
50.9,71.0,13.2,78,10.6,42.8,2.81,3.6,goat
8.12,34.4,3.4,140,4.5,16.9,0.231,11.2,fox
6.24,47.3,5.0,105,12.7,29.3,0.263,10.8,fox
26.99,69.7,11.4,79,15.4,25.3,0.4,13.2,dog
35.42,74.3,14.8,66,11.1,36.6,2.674,5.4,goat
0.19,7.2,2.6,377,7.1,2.6,0.002,13.3,hamster
0.67,16.6,5.8,184,10.8,3.9,0.049,9.4,hedgehog
9.23,46.0,4.4,103,12.8,24.9,0.168,7.5,fox
0.03,3.0,2.1,481,7.9,1.7,0.001,13.5,mouse
22.44,55.5,12.4,71,25.8,23.5,0.262,13.8,dog
8.28,41.1,2.8,136,11.3,21.9,0.163,10.6,fox
4.15,46.2,4.3,97,11.4,15.5,0.186,9.7,fox
0.81,13.9,8.2,297,6.6,6.9,0.072,9.1,guinea_pig
0.76,8.5,6.4,230,7.4,4.4,0.059,10.8,hedgehog
0.03,3.3,1.7,595,7.5,2.2,0.001,14.6,mouse
0.03,3.0,2.2,515,7.3,1.8,0.002,15.7,mouse
0.19,6.0,2.2,424,9.7,2.1,0.003,14.6,hamster
8.82,37.2,5.8,95,12.3,18.3,0.216,11.2,fox
0.02,2.6,2.7,639,6.9,1.8,0.002,15.3,mouse
0.69,9.7,3.2,235,9.4,4.0,0.07,9.5,guinea_pig
0.11,5.2,2.5,429,10.2,2.3,0.003,13.8,hamster
7.61,40.3,3.4,98,11.2,24.5,0.129,10.6,fox
0.12,5.4,2.2,383,8.1,2.5,0.001,14.2,hamster
0.17,8.7,2.8,332,5.6,2.2,0.003,14.1,hamster
15.7,32.7,7.8,87,15.2,30.5,0.368,13.0,dog
0.69,26.1,8.8,318,10.3,7.8,0.012,13.6,squirrel
31.83,58.3,17.8,88,5.9,48.7,1.253,4.3,goat
0.76,10.6,4.0,200,14.0,5.3,0.052,10.2,hedgehog
0.84,12.9,4.0,190,12.7,4.8,0.041,11.0,hedgehog
5.86,62.7,11.5,104,8.6,22.2,0.313,13.5,dog
51.77,74.5,8.7,88,8.3,40.6,3.061,4.4,goat
0.72,8.9,4.0,220,12.4,5.0,0.053,9.8,hedgehog
0.76,8.7,5.4,258,8.5,5.8,0.076,9.8,guinea_pig
42.59,44.1,13.1,85,11.1,32.9,3.522,4.9,goat
0.92,13.2,6.9,290,13.4,5.4,0.073,10.8,guinea_pig
0.17,4.8,2.1,378,7.4,2.7,0.002,13.2,hamster
4.14,22.3,10.8,182,9.1,15.4,0.089,11.5,cat
1.0,11.5,8.7,295,5.6,6.2,0.077,10.5,guinea_pig
0.64,21.4,10.4,216,6.1,9.1,0.012,12.8,squirrel
21.78,46.4,8.9,78,22.1,26.6,0.237,12.0,dog
3.1,28.5,15.6,208,10.6,12.1,0.097,12.3,cat
1.53,22.9,8.0,125,8.0,13.9,0.045,9.6,rabbit
4.48,18.4,13.2,136,11.4,11.8,0.135,12.9,cat
0.36,26.7,7.0,369,9.1,12.5,0.01,13.8,squirrel
3.63,24.9,12.0,153,12.1,15.2,0.077,12.7,cat
2.47,18.7,7.0,143,8.7,12.6,0.039,9.1,rabbit
3.01,21.2,7.1,190,7.2,16.0,0.044,9.6,rabbit
0.06,8.0,2.3,384,5.1,2.7,0.004,13.7,hamster
0.03,2.4,2.2,623,6.7,1.4,0.003,14.1,mouse
0.04,2.9,2.5,589,7.9,1.9,0.002,15.9,mouse
0.18,6.6,2.5,404,8.2,3.6,0.004,14.1,hamster
18.94,46.0,9.1,86,24.0,29.1,0.717,15.6,dog
5.87,32.2,5.2,102,12.7,23.4,0.228,10.6,fox
43.69,54.6,13.6,67,7.5,31.7,3.068,4.6,goat
0.89,17.2,4.5,196,5.7,5.3,0.054,9.6,hedgehog
4.05,25.4,12.2,155,11.0,12.0,0.113,12.3,cat
0.04,3.9,2.6,650,6.7,2.2,0.002,14.5,mouse
21.85,49.0,13.5,92,24.6,17.6,0.428,12.7,dog
0.67,25.6,9.1,297,12.5,10.9,0.009,12.6,squirrel
1.07,12.3,6.4,274,9.3,6.4,0.067,11.8,guinea_pig
1.08,14.8,4.7,268,9.3,5.9,0.085,10.7,guinea_pig
3.27,19.0,13.4,169,11.8,12.8,0.121,12.6,cat
1.76,22.9,11.0,185,9.7,16.9,0.05,7.7,rabbit
0.03,3.2,2.0,450,8.2,2.0,0.002,14.2,mouse
17.33,45.8,11.0,111,22.2,21.3,0.06,13.2,dog
0.04,2.7,2.6,457,6.0,1.6,0.002,15.5,mouse
8.09,42.8,2.1,162,10.5,14.2,0.13,9.7,fox
0.89,10.6,5.7,253,12.4,4.5,0.055,10.7,hedgehog
0.69,23.4,11.5,306,6.9,12.7,0.015,12.6,squirrel
1.09,15.7,5.8,211,14.5,5.9,0.06,10.4,hedgehog
0.79,13.4,6.6,202,6.9,5.9,0.078,10.4,guinea_pig
0.15,5.2,2.8,338,8.5,2.6,0.003,13.9,hamster
0.02,3.7,1.8,535,8.4,1.4,0.003,15.0,mouse
34.74,57.4,10.2,96,22.8,25.3,0.375,13.6,dog
0.16,5.1,1.6,378,7.5,1.5,0.001,15.6,hamster
2.32,24.1,8.2,168,11.3,16.9,0.052,8.7,rabbit
0.14,5.9,2.6,367,8.5,3.1,0.003,15.0,hamster
0.23,5.4,3.5,345,8.8,2.4,0.002,14.3,hamster
0.01,23.1,10.8,365,9.9,10.8,0.012,14.9,squirrel
0.93,17.0,6.8,228,9.2,7.1,0.075,9.7,guinea_pig
0.74,19.2,6.3,318,11.9,9.8,0.009,11.4,squirrel
8.07,43.0,6.5,100,18.1,24.5,0.265,9.1,fox
9.25,45.6,5.0,126,11.2,15.7,0.226,9.6,fox
0.82,14.6,5.6,226,13.1,4.7,0.044,9.2,hedgehog
4.54,28.6,16.9,175,11.8,10.5,0.086,12.7,cat
1.1,13.4,5.3,213,10.5,6.3,0.075,9.0,guinea_pig
0.2,25.4,10.3,304,8.7,10.5,0.008,14.3,squirrel
2.46,24.0,9.7,183,8.4,15.1,0.042,7.9,rabbit
0.54,19.7,10.1,319,12.0,6.2,0.013,14.7,squirrel
26.37,60.9,13.8,74,10.7,42.5,4.769,6.1,goat
4.19,27.4,15.9,147,10.7,9.3,0.093,13.5,cat
0.91,24.5,11.3,362,6.4,8.7,0.01,13.8,squirrel
0.03,2.1,1.7,461,7.5,2.8,0.002,14.5,mouse
1.15,12.8,5.6,247,9.2,6.0,0.082,9.4,guinea_pig
8.51,38.3,4.9,72,13.7,27.4,0.296,8.2,fox
0.66,15.4,3.3,295,11.8,6.1,0.08,9.3,guinea_pig
5.42,27.9,17.2,176,9.7,10.8,0.103,12.0,cat
0.54,20.0,7.2,338,13.7,12.9,0.01,12.7,squirrel
2.89,25.6,7.5,139,9.8,15.5,0.049,9.7,rabbit
23.66,57.5,16.0,84,7.2,30.2,1.995,4.8,goat
0.03,3.0,2.6,442,6.0,2.1,0.002,14.4,mouse
0.21,4.9,2.3,349,8.5,3.5,0.003,13.2,hamster
0.02,3.7,1.8,488,7.5,1.7,0.001,13.9,mouse
0.76,9.3,3.2,262,4.6,7.8,0.069,7.4,guinea_pig
0.02,3.6,1.8,639,6.3,2.2,0.003,14.6,mouse
0.32,24.0,10.8,362,12.1,13.4,0.01,14.4,squirrel
39.69,72.0,15.6,76,10.0,32.5,2.339,6.2,goat
0.01,4.3,1.7,379,7.0,2.9,0.003,16.1,mouse
0.53,9.9,5.2,303,7.3,6.2,0.08,9.0,guinea_pig
2.31,23.0,8.0,174,9.6,15.7,0.059,7.6,rabbit
35.61,43.0,12.3,78,18.2,28.2,0.683,12.6,dog
1.62,21.1,15.9,208,12.1,16.0,0.033,8.1,rabbit
4.26,24.9,14.3,151,15.2,16.4,0.07,12.2,cat
0.03,3.9,2.8,393,6.5,2.2,0.002,15.2,mouse
0.15,5.6,1.8,377,5.6,3.2,0.001,13.2,hamster
30.9,88.5,12.5,78,13.2,33.6,3.133,5.2,goat
0.7,10.0,7.5,252,12.0,5.5,0.072,11.6,guinea_pig
0.16,7.1,1.9,336,7.5,2.2,0.001,16.0,hamster
0.98,9.9,5.2,291,10.8,4.1,0.089,10.4,guinea_pig
0.96,10.5,5.5,327,10.1,4.6,0.081,9.6,guinea_pig
0.04,2.3,2.5,516,6.9,1.0,0.002,16.0,mouse
0.02,2.7,2.0,550,7.9,3.1,0.002,15.5,mouse
24.65,55.4,7.9,94,11.5,37.1,3.244,4.9,goat
4.08,24.8,15.5,166,5.7,13.3,0.091,12.9,cat
7.43,45.2,5.2,116,10.0,22.8,0.233,9.4,fox
7.43,41.4,3.5,103,14.8,20.1,0.185,8.5,fox
1.13,9.6,7.7,288,11.5,5.5,0.064,10.4,guinea_pig
3.4,29.7,17.0,177,11.4,12.5,0.126,11.5,cat
0.03,3.4,1.9,403,7.5,1.3,0.002,14.4,mouse
6.62,43.0,3.4,126,14.2,26.0,0.16,8.6,fox
0.98,10.6,2.8,286,5.2,5.9,0.093,8.0,guinea_pig
0.03,4.6,1.5,368,5.9,1.9,0.002,13.4,mouse
0.59,25.4,6.9,327,11.2,13.8,0.011,12.7,squirrel
4.63,27.8,18.4,179,10.6,10.0,0.11,10.7,cat
4.68,60.6,12.6,115,9.7,32.1,0.348,13.0,dog
0.8,21.8,11.1,313,14.4,11.9,0.01,12.3,squirrel
0.39,21.2,10.8,277,10.0,6.5,0.014,12.6,squirrel
1.11,14.3,7.7,313,10.6,5.4,0.049,10.3,guinea_pig
4.5,23.7,12.9,133,13.3,13.8,0.097,12.5,cat
0.72,23.0,8.3,381,9.1,9.7,0.014,12.4,squirrel
29.51,67.3,11.5,65,6.3,33.8,1.099,5.2,goat
5.77,18.3,13.9,142,7.6,9.3,0.102,11.8,cat
0.04,2.9,1.3,518,5.9,1.5,0.002,14.1,mouse
1.2,16.2,5.8,252,16.2,4.9,0.057,11.3,hedgehog
0.11,6.7,3.6,381,8.8,2.9,0.004,13.0,hamster
38.4,53.8,11.4,70,18.1,23.9,0.8,13.0,dog
0.86,10.8,9.9,265,11.1,6.4,0.076,11.3,guinea_pig
0.03,3.0,2.2,560,7.3,1.7,0.002,14.3,mouse
1.21,18.7,9.8,168,8.8,16.3,0.05,9.5,rabbit
8.71,39.9,6.1,138,13.3,23.4,0.212,10.1,fox
3.92,23.6,14.6,140,10.5,8.9,0.112,10.8,cat
1.61,15.3,7.4,179,8.8,18.3,0.04,8.4,rabbit
1.86,22.3,7.1,186,8.3,15.2,0.039,8.1,rabbit
0.95,11.2,5.5,204,19.2,5.4,0.033,10.7,hedgehog
0.19,5.6,2.5,324,11.2,2.2,0.003,14.1,hamster
7.22,42.3,5.9,142,8.9,27.3,0.198,10.5,fox
0.65,14.5,5.5,269,7.7,5.4,0.063,9.9,guinea_pig
2.99,27.4,12.2,127,11.7,10.9,0.115,12.5,cat
26.97,54.4,16.5,73,11.7,27.1,3.603,3.7,goat
4.77,26.8,13.1,152,15.2,15.9,0.089,13.4,cat
20.94,62.7,8.2,70,20.5,23.4,0.329,12.1,dog
23.83,57.3,19.4,86,13.6,42.0,3.248,5.3,goat
5.01,27.5,15.3,188,13.0,15.8,0.131,10.4,cat
6.55,38.4,4.1,107,9.7,22.3,0.259,10.0,fox
2.36,19.1,6.6,209,7.7,12.5,0.053,9.9,rabbit
3.43,16.7,16.0,177,8.4,11.1,0.126,13.0,cat
5.21,26.5,4.7,134,17.1,22.6,0.154,9.5,fox
2.48,21.0,9.5,160,11.1,14.6,0.045,9.9,rabbit
2.46,20.1,8.8,177,9.7,17.3,0.038,9.7,rabbit
26.83,49.6,14.3,86,15.6,32.6,0.881,5.8,goat
1.39,19.1,7.4,162,10.1,9.6,0.063,9.8,rabbit
1.41,17.5,4.2,175,16.5,5.2,0.049,9.9,hedgehog
22.43,57.4,14.0,106,17.5,20.6,0.601,13.4,dog
14.11,56.8,10.1,87,17.3,26.6,0.707,11.4,dog
7.04,41.1,3.7,100,9.7,20.9,0.301,9.1,fox
1.06,24.3,7.4,147,12.5,9.7,0.059,8.8,rabbit
21.95,49.2,13.9,101,14.1,23.5,0.59,14.8,dog
5.24,33.3,5.3,118,13.9,23.1,0.264,9.7,fox
4.1,25.3,17.1,191,10.5,10.7,0.114,9.5,cat
1.86,19.8,8.2,175,12.7,17.8,0.031,8.8,rabbit
0.19,6.4,2.2,275,7.5,2.5,0.003,14.4,hamster
0.24,7.1,2.8,392,9.1,2.8,0.002,13.7,hamster
27.76,60.3,15.7,91,11.0,47.1,2.883,6.0,goat
2.12,21.0,7.6,178,6.7,19.6,0.035,8.4,rabbit
3.99,30.3,11.1,152,14.7,8.7,0.083,11.6,cat
1.04,13.4,6.2,263,14.3,5.1,0.089,8.2,guinea_pig
0.03,3.0,1.8,611,7.3,2.1,0.003,14.3,mouse
1.06,11.9,8.6,284,9.4,6.6,0.073,9.6,guinea_pig
18.66,62.6,14.2,120,14.0,23.6,0.225,13.8,dog
1.66,22.2,7.0,181,11.3,11.2,0.056,9.2,rabbit
2.68,24.6,8.6,164,10.5,15.3,0.047,8.5,rabbit
1.06,10.5,5.2,245,4.6,7.4,0.062,11.3,guinea_pig
0.84,16.6,8.9,254,9.8,4.9,0.067,10.3,guinea_pig
3.14,24.3,15.3,172,8.4,12.2,0.08,13.8,cat
0.03,3.1,0.8,362,6.3,1.2,0.002,16.0,mouse
1.48,18.6,3.8,199,9.1,13.8,0.065,8.6,rabbit
0.03,2.7,1.7,450,8.6,2.0,0.002,16.0,mouse
1.33,13.9,6.7,237,18.1,5.6,0.047,9.5,hedgehog
36.09,50.0,12.1,80,7.3,36.8,2.191,3.6,goat
0.1,5.2,2.2,370,9.8,3.1,0.002,13.0,hamster
0.36,19.7,8.8,399,15.1,13.6,0.012,12.1,squirrel
22.39,65.0,12.2,88,25.4,24.5,0.312,13.6,dog
0.02,2.1,2.3,438,7.8,2.5,0.002,17.2,mouse
4.04,28.8,17.6,186,11.8,12.3,0.093,11.7,cat
0.15,7.3,2.1,295,7.6,2.9,0.003,13.2,hamster
0.19,6.3,2.6,375,10.3,2.5,0.003,13.5,hamster
0.39,23.7,9.6,246,16.5,14.2,0.014,14.1,squirrel
8.04,37.5,6.4,95,9.2,28.8,0.19,9.2,fox
1.61,21.3,12.7,165,10.7,14.2,0.056,9.6,rabbit
5.63,38.1,5.0,120,15.0,20.0,0.29,9.9,fox
0.09,6.8,2.8,357,10.4,3.7,0.005,13.3,hamster
0.38,19.5,10.4,349,8.9,13.7,0.01,12.2,squirrel
1.05,12.1,6.0,272,7.6,6.2,0.063,8.6,guinea_pig
6.99,41.9,5.4,100,9.9,24.6,0.161,8.5,fox
25.57,62.7,17.3,76,10.9,42.6,2.547,3.5,goat
7.4,30.8,5.3,102,9.1,18.5,0.21,10.7,fox
0.02,3.3,1.9,437,6.4,1.7,0.002,14.2,mouse
4.05,39.0,4.4,113,9.9,13.7,0.136,9.4,fox
3.76,24.7,16.9,155,12.0,13.6,0.101,12.1,cat
7.31,33.9,3.0,117,10.3,22.8,0.292,10.4,fox
1.45,27.0,8.9,189,6.5,15.9,0.053,10.2,rabbit
1.26,9.6,8.5,267,11.3,4.1,0.067,12.4,guinea_pig
32.36,35.0,12.6,121,25.5,27.8,0.734,11.3,dog
0.92,21.2,8.9,363,10.7,10.5,0.012,13.0,squirrel
0.85,26.0,8.0,320,14.1,8.4,0.013,11.6,squirrel
18.76,60.0,14.3,66,18.0,22.2,0.339,12.2,dog
0.95,15.1,5.4,229,18.3,5.3,0.064,10.4,hedgehog
31.91,59.7,16.5,84,13.2,38.8,1.662,4.5,goat
0.04,3.5,1.5,495,6.3,1.4,0.002,16.6,mouse
20.23,43.6,13.0,111,19.1,21.1,0.695,14.4,dog
7.05,40.7,4.2,104,13.2,23.5,0.118,10.9,fox
1.08,11.9,3.9,226,11.9,5.5,0.048,10.7,hedgehog
0.16,3.4,1.9,361,10.8,2.3,0.003,15.3,hamster
0.43,27.0,9.5,380,10.8,10.9,0.013,13.0,squirrel
0.08,5.5,3.1,314,8.9,1.7,0.003,14.0,hamster
0.73,13.7,10.8,234,10.1,4.5,0.067,8.7,guinea_pig
0.06,6.2,3.0,406,12.7,1.8,0.002,13.5,hamster
32.61,43.3,11.7,97,14.1,27.2,0.414,17.2,dog
4.2,33.3,12.3,141,10.8,13.8,0.065,12.8,cat
0.66,12.0,6.6,304,7.8,5.4,0.062,9.8,guinea_pig
58.52,50.7,12.4,86,9.6,42.9,3.416,6.4,goat
42.06,64.2,13.5,76,12.1,38.4,4.762,5.2,goat
31.28,41.2,12.1,101,20.6,9.9,0.528,14.2,dog
0.95,12.4,3.4,227,16.3,4.7,0.056,8.4,hedgehog
26.02,52.3,10.9,105,25.0,22.0,0.223,14.0,dog
3.44,22.1,13.0,183,20.1,11.6,0.11,10.3,cat
1.24,15.5,7.2,289,12.0,7.1,0.073,9.0,guinea_pig
46.46,49.3,17.0,89,8.3,36.4,3.265,4.2,goat
1.98,23.2,11.3,171,12.9,11.1,0.04,9.4,rabbit
36.73,67.1,15.6,86,10.7,41.6,0.841,3.5,goat
35.06,57.2,14.0,66,5.0,49.9,3.286,4.3,goat
0.63,13.0,6.7,240,10.9,5.2,0.074,9.0,guinea_pig
7.3,25.7,4.8,94,12.2,21.6,0.128,10.3,fox
2.26,18.9,8.7,153,11.0,11.7,0.055,10.8,rabbit
0.81,10.8,6.5,227,7.3,5.2,0.06,9.5,guinea_pig
1.11,13.9,4.2,226,18.0,3.9,0.032,10.4,hedgehog
6.92,46.6,4.5,102,8.7,16.0,0.168,10.8,fox
0.87,11.5,5.1,192,13.7,3.6,0.046,10.7,hedgehog
0.04,2.1,1.0,413,6.8,1.9,0.003,16.6,mouse
1.3,10.0,7.3,305,8.7,6.0,0.053,10.6,guinea_pig
0.56,20.5,6.1,295,12.8,11.0,0.013,11.8,squirrel
0.03,3.6,2.0,526,6.7,1.9,0.003,14.8,mouse
0.17,6.7,1.1,342,6.8,3.2,0.003,14.1,hamster
1.22,12.1,7.7,206,10.0,6.0,0.073,11.3,guinea_pig
0.67,13.0,4.4,231,12.6,3.3,0.042,7.6,hedgehog
13.87,60.6,13.2,127,11.9,19.2,0.378,13.5,dog
0.7,12.5,5.8,218,16.6,6.8,0.075,10.2,hedgehog
0.56,25.5,5.9,304,13.3,14.1,0.012,11.8,squirrel
0.75,21.5,8.1,291,9.3,11.5,0.016,12.9,squirrel
0.18,7.2,2.2,344,12.2,2.5,0.003,14.7,hamster
0.23,6.6,3.0,397,9.5,2.6,0.003,13.7,hamster
0.93,11.0,7.5,272,8.3,5.2,0.075,9.6,guinea_pig
6.74,45.2,5.9,128,11.9,23.2,0.266,7.9,fox
0.9,11.7,4.7,264,8.3,8.0,0.077,9.0,guinea_pig
6.63,43.2,5.8,89,8.6,23.1,0.248,9.5,fox
0.09,7.1,3.1,439,10.7,2.2,0.003,14.9,hamster
1.02,13.9,3.7,259,10.6,2.8,0.043,10.7,hedgehog
0.75,11.0,5.6,272,9.1,5.7,0.076,10.5,guinea_pig
1.07,21.2,9.2,188,8.3,14.1,0.037,8.3,rabbit
0.05,2.5,2.4,629,8.3,1.8,0.002,15.5,mouse
0.03,3.1,1.5,401,8.0,1.5,0.002,16.2,mouse
0.32,22.1,9.1,307,12.3,11.0,0.008,14.1,squirrel
0.5,20.7,8.5,327,11.0,11.1,0.01,13.4,squirrel
4.09,26.2,16.9,163,10.8,13.1,0.126,12.1,cat
43.64,59.1,16.3,63,8.1,33.4,2.805,4.2,goat
7.05,34.2,4.7,128,13.9,18.4,0.206,11.1,fox
2.55,20.0,6.9,202,8.8,14.6,0.063,7.2,rabbit
0.53,22.8,9.3,311,7.3,11.8,0.009,13.5,squirrel
1.03,18.4,11.8,226,6.6,11.6,0.054,9.7,rabbit
1.34,18.8,6.6,212,9.4,17.4,0.042,8.2,rabbit
0.04,2.2,1.3,548,7.0,2.2,0.001,14.9,mouse
40.27,64.6,14.1,74,10.0,39.8,1.899,5.9,goat
1.81,25.3,8.9,206,9.0,13.7,0.058,8.7,rabbit
0.7,22.1,6.9,318,8.0,12.3,0.009,12.9,squirrel
1.17,16.8,4.1,233,11.7,6.2,0.051,10.6,hedgehog
2.04,22.9,8.0,156,7.3,13.7,0.072,7.2,rabbit
2.38,26.0,6.3,188,11.6,15.8,0.048,8.1,rabbit
2.9,26.5,15.6,189,13.3,10.6,0.112,12.1,cat
29.31,63.2,4.8,77,9.3,35.0,3.354,6.0,goat
0.17,5.9,3.0,416,7.4,2.3,0.003,12.7,hamster
0.17,5.1,2.9,323,9.7,2.1,0.005,15.2,hamster
30.12,80.3,13.5,95,19.9,31.0,0.325,12.2,dog
0.88,14.1,6.5,211,13.0,4.2,0.051,10.8,hedgehog
6.82,33.4,4.3,101,14.5,16.6,0.251,10.5,fox
0.03,2.6,1.5,476,7.7,2.2,0.002,14.9,mouse
0.13,6.7,2.8,423,10.9,2.7,0.003,14.0,hamster
0.18,7.3,2.3,382,5.8,2.5,0.004,14.0,hamster
1.18,19.5,8.4,180,12.6,14.6,0.056,7.5,rabbit
0.04,3.0,1.5,470,7.8,1.6,0.002,14.4,mouse
0.86,14.0,6.5,215,16.4,6.2,0.034,9.7,hedgehog
1.07,13.7,6.5,232,15.7,2.8,0.045,9.0,hedgehog
38.86,65.6,17.0,87,7.4,38.0,3.88,4.0,goat
30.13,70.3,10.6,87,9.0,35.3,2.332,5.8,goat
0.18,6.0,2.0,399,7.7,2.7,0.004,13.3,hamster
0.1,6.3,1.8,399,3.7,2.7,0.004,12.8,hamster
5.48,32.5,3.3,102,11.9,21.0,0.194,11.8,fox
0.88,11.9,6.8,307,6.9,6.1,0.086,10.5,guinea_pig
28.71,64.9,15.6,79,10.7,22.1,1.356,5.7,goat
0.02,2.9,1.5,547,7.1,1.6,0.003,12.6,mouse
0.15,4.2,1.8,426,7.6,2.3,0.002,12.3,hamster
4.59,21.9,12.1,184,9.7,13.1,0.086,13.9,cat
1.01,12.3,4.4,174,18.1,4.8,0.054,8.2,hedgehog
0.79,10.9,5.0,287,4.5,5.6,0.08,10.2,guinea_pig
2.42,26.9,14.7,151,13.6,11.0,0.084,10.8,cat
0.11,5.1,2.3,397,6.4,1.8,0.003,13.2,hamster
2.38,20.8,7.3,143,9.9,17.5,0.046,8.6,rabbit
11.41,34.3,11.6,106,20.2,22.8,0.545,14.0,dog
21.47,35.4,10.0,99,20.1,22.2,0.519,11.9,dog
11.84,41.8,14.3,90,24.6,24.8,0.593,11.8,dog
9.74,29.0,5.7,114,12.8,24.6,0.221,11.7,fox
0.59,25.4,7.8,312,9.0,9.6,0.004,12.7,squirrel
2.38,21.1,11.3,195,9.4,12.2,0.051,8.6,rabbit
0.04,3.5,2.6,647,7.4,2.1,0.001,15.1,mouse
40.75,54.4,19.2,75,9.8,33.8,0.988,3.8,goat
0.77,10.1,6.0,265,9.5,6.4,0.097,10.3,guinea_pig
0.71,9.4,6.9,291,5.0,7.2,0.101,9.9,guinea_pig
4.82,26.4,13.8,130,14.6,12.9,0.106,11.6,cat
33.81,30.3,13.0,101,26.1,22.0,0.402,11.7,dog
4.01,24.5,14.6,155,10.2,12.8,0.097,11.1,cat
34.61,48.5,17.3,68,10.1,41.0,2.334,4.9,goat
9.51,40.7,3.9,125,17.3,23.7,0.283,10.3,fox
1.2,13.7,4.4,243,12.2,6.5,0.051,11.1,hedgehog
53.03,71.5,14.3,61,11.5,30.4,2.844,5.3,goat
0.74,15.2,4.5,232,12.1,5.7,0.027,10.7,hedgehog
4.83,46.0,5.1,112,11.5,18.5,0.188,9.7,fox
7.67,37.7,14.9,90,17.1,23.0,0.314,14.0,dog
1.15,16.0,5.4,210,16.6,4.7,0.044,11.2,hedgehog
3.2,23.1,19.2,157,11.8,12.1,0.109,11.0,cat
0.02,3.1,2.3,479,7.6,1.6,0.002,14.3,mouse
1.12,14.2,3.7,159,12.6,3.1,0.06,9.3,hedgehog
14.68,52.0,13.0,107,20.7,25.5,0.537,12.9,dog
0.02,3.2,2.0,475,7.5,2.1,0.002,13.9,mouse
33.04,54.6,8.9,82,9.3,40.5,2.484,5.2,goat
38.85,52.8,15.8,91,12.7,36.1,2.317,3.3,goat
0.9,11.7,6.2,232,7.0,7.7,0.052,10.1,guinea_pig
1.61,17.2,5.5,191,10.9,10.8,0.035,9.1,rabbit
5.53,20.8,12.1,141,9.3,13.6,0.112,13.1,cat
0.13,6.0,2.8,368,7.6,1.7,0.003,14.6,hamster
4.8,42.9,2.5,89,9.2,22.5,0.162,9.0,fox
0.11,5.3,2.5,447,13.8,4.0,0.004,13.0,hamster
35.07,48.5,11.6,76,8.0,33.9,3.568,5.1,goat
