Temperature(Â°C),Duration(minutes),Target
183.7,16.0,0
215.0,19.5,1
204.2,11.6,0
177.4,16.9,0
191.3,11.6,0
224.8,13.3,1
163.6,12.1,0
193.6,12.8,0
219.0,16.9,1
187.0,15.3,0
189.8,10.8,0
198.6,11.1,0
222.4,19.1,1
190.4,10.2,0
193.3,19.4,0
193.5,12.6,0
233.1,15.2,1
232.8,15.7,1
215.1,13.6,1
205.8,16.7,0
211.1,14.3,0
222.4,12.4,1
186.0,12.6,0
217.6,14.0,1
181.2,19.8,0
190.4,15.1,0
213.6,13.2,1
178.6,11.3,0
197.9,14.9,0
187.1,13.4,0
196.2,8.4,0
160.0,16.5,0
173.4,17.3,0
189.5,16.6,0
213.9,20.5,1
197.4,16.2,0
200.0,14.1,0
210.3,16.7,0
186.8,17.5,0
204.3,14.7,0
187.9,15.8,0
174.1,14.7,0
194.1,19.2,0
208.6,18.9,0
205.1,14.3,0
199.8,12.7,0
235.9,14.7,1
206.2,10.1,0
214.7,17.3,1
233.6,17.7,1
180.6,11.9,0
184.4,17.6,0
226.2,14.4,1
188.0,20.7,0
200.4,22.1,0
216.0,14.4,1
213.4,10.5,1
226.3,18.9,1
222.4,20.3,1
216.0,17.4,1
188.4,15.1,0
211.9,18.4,1
204.7,11.6,0
180.1,18.3,0
221.3,12.9,1
212.1,14.4,0
200.7,18.9,0
196.5,18.8,0
182.0,14.6,0
203.0,13.1,0
207.0,15.4,0
187.5,12.3,0
217.4,18.6,1
183.5,13.0,0
168.2,12.0,0
215.6,17.6,1
193.9,16.1,0
198.1,13.2,0
187.4,13.4,0
175.9,14.4,0
218.8,12.3,1
189.7,15.5,0
224.9,14.4,1
212.1,10.1,0
195.3,13.8,0
183.7,19.3,0
189.0,12.2,0
181.8,13.2,0
231.3,13.8,1
202.5,14.7,0
217.3,10.9,1
181.0,12.6,0
202.7,14.4,0
217.7,16.9,1
195.0,16.5,0
215.5,15.7,1
183.7,15.7,0
179.5,12.1,0
205.7,9.2,0
194.3,10.8,0
209.6,16.1,0
170.3,16.4,0
210.7,12.1,0
239.0,20.0,1
199.6,19.9,0
200.5,12.4,0
202.7,15.3,0
172.1,18.2,0
206.4,19.5,0
175.9,15.7,0
193.6,13.5,0
218.6,16.8,1
189.0,16.5,0
207.5,20.2,0
215.2,17.3,1
204.2,16.5,0
179.4,14.9,0
195.0,16.6,0
229.4,8.5,1
169.6,15.8,0
195.9,16.9,0
191.7,10.2,0
201.8,11.8,0
211.2,9.4,0
224.1,16.6,1
195.9,17.5,0
212.2,10.7,0
207.5,14.1,0
207.1,12.0,0
191.5,16.7,0
185.0,12.1,0
183.5,12.3,0
188.7,16.2,0
204.8,22.0,0
211.4,12.6,0
204.9,13.0,0
191.8,14.1,0
227.1,16.8,1
222.8,15.6,1
194.7,13.1,0
187.6,13.6,0
202.0,13.3,0
219.0,11.7,1
205.0,18.0,0
208.3,13.9,0
196.8,16.5,0
206.8,13.1,0
223.2,15.3,1
196.4,18.2,0
202.1,19.4,0
203.8,17.9,0
204.3,12.3,0
178.8,10.6,0
171.8,14.9,0
184.7,16.5,0
202.5,20.1,0
208.3,14.8,0
192.0,17.4,0
220.7,15.9,1
197.9,11.4,0
200.3,16.9,0
197.1,14.6,0
202.0,17.6,0
210.6,10.9,0
210.0,17.5,0
186.5,14.6,0
222.9,13.5,1
183.6,19.7,0
201.2,17.5,0
195.9,17.4,0
184.3,14.6,0
198.9,11.5,0
188.9,11.1,0
201.1,14.0,0
206.0,10.8,0
222.1,13.6,1
204.6,14.9,0
190.8,14.0,0
194.1,15.6,0
202.1,8.1,0
201.4,17.4,0
221.9,14.6,1
220.9,16.7,1
194.6,13.9,0
191.8,14.6,0
161.6,11.7,0
191.8,15.7,0
185.3,12.9,0
194.7,15.8,0
205.9,17.6,0
202.7,15.5,0
199.6,20.9,0
203.0,16.3,0
198.1,14.8,0
203.0,15.6,0
160.0,15.5,0
196.0,16.9,0
198.3,13.2,0
194.9,16.0,0
196.7,12.2,0
210.5,15.4,0
191.0,17.0,0
233.0,17.6,1
210.3,13.9,0
199.9,18.6,0
196.9,14.4,0
198.7,11.4,0
186.3,15.4,0
198.6,17.2,0
204.2,12.9,0
208.7,10.9,0
208.7,15.0,0
195.9,14.7,0
178.8,12.6,0
190.0,19.0,0
224.2,17.5,1
213.4,18.0,1
205.5,11.1,0
188.6,14.1,0
200.1,13.6,0
181.2,13.9,0
191.7,18.1,0
196.3,13.3,0
194.6,13.1,0
214.3,18.1,1
178.7,20.4,0
187.0,18.9,0
179.4,12.3,0
181.4,8.9,0
201.9,12.7,0
176.0,14.6,0
211.3,16.0,0
196.3,13.5,0
201.0,18.4,0
204.8,16.7,0
193.5,15.0,0
215.5,10.8,1
197.1,18.5,0
208.9,14.9,0
197.0,9.7,0
204.4,18.7,0
204.2,20.7,0
203.7,14.3,0
185.4,11.9,0
206.5,18.3,0
195.2,19.3,0
209.5,17.1,0
167.7,8.8,0
178.0,13.1,0
205.5,12.3,0
227.9,16.7,1
212.5,19.4,1
189.8,15.0,0
174.6,14.5,0
211.1,10.6,0
198.8,11.0,0
208.9,15.0,0
201.7,19.3,0
200.4,13.5,0
244.4,13.3,1
199.9,11.7,0
197.6,11.2,0
198.2,17.9,0
191.2,14.2,0
214.9,17.5,1
194.7,9.5,0
209.5,13.9,0
204.3,19.5,0
218.3,11.5,1
206.3,11.9,0
181.8,14.6,0
180.1,15.0,0
221.1,15.9,1
190.9,14.6,0
180.2,15.2,0
190.0,15.0,0
219.0,12.2,1
178.7,13.7,0
187.0,11.0,0
190.0,15.6,0
181.2,12.3,0
182.2,16.6,0
177.2,16.6,0
193.1,8.7,0
194.7,17.5,0
189.8,17.0,0
175.2,15.3,0
218.8,8.4,1
180.1,9.4,0
204.2,17.4,0
183.9,13.5,0
210.0,15.9,0
214.3,6.5,1
186.8,16.4,0
171.1,12.8,0
210.4,12.7,0
228.1,17.9,1
206.2,13.9,0
202.4,16.1,0
212.3,12.4,0
211.5,20.8,1
187.6,12.6,0
190.1,17.4,0
209.2,13.4,0
197.8,15.4,0
219.7,14.4,1
189.4,14.2,0
211.3,14.1,0
205.1,12.3,0
198.1,16.2,0
217.6,15.7,1
210.2,14.8,0
184.9,19.0,0
209.6,17.5,0
220.6,12.9,1
198.0,15.4,0
196.3,18.2,0
190.0,14.6,0
199.8,15.0,0
210.3,13.8,0
187.7,13.6,0
179.8,17.6,0
194.4,15.7,0
179.3,16.9,0
207.8,15.5,0
193.6,13.6,0
173.7,11.8,0
194.8,14.0,0
197.1,16.7,0
206.7,16.3,0
197.8,10.2,0
228.0,20.4,1
192.2,13.1,0
199.1,14.7,0
198.5,15.6,0
195.8,20.0,0
202.1,12.5,0
208.1,12.6,0
220.1,12.0,1
176.5,15.7,0
192.3,16.7,0
193.3,15.5,0
214.1,20.5,1
194.7,14.0,0
171.6,15.6,0
201.3,9.7,0
199.5,7.9,0
202.7,16.6,0
184.4,16.6,0
225.8,11.5,1
195.1,14.8,0
197.2,16.8,0
186.5,14.1,0
186.0,12.5,0
181.7,14.8,0
194.1,21.0,0
185.6,17.4,0
230.8,13.7,1
171.7,17.7,0
183.1,15.8,0
194.0,15.2,0
210.1,16.0,0
193.8,16.0,0
210.1,11.1,0
185.2,15.8,0
200.9,14.0,0
226.2,14.9,1
185.5,12.2,0
206.3,16.2,0
203.1,15.6,0
166.2,14.9,0
191.2,15.8,0
217.0,16.1,1
202.0,17.8,0
181.8,10.7,0
210.4,20.0,0
192.8,15.2,0
205.4,13.9,0
205.7,17.7,0
183.2,14.8,0
211.8,20.0,1
184.9,15.6,0
180.4,17.9,0
186.8,15.1,0
194.8,14.0,0
201.6,17.1,0
188.4,19.5,0
211.2,18.7,0
203.8,17.0,0
189.6,17.5,0
213.3,18.1,1
217.4,18.1,1
198.5,18.4,0
196.8,9.1,0
173.4,13.0,0
193.9,17.4,0
195.6,17.2,0
203.7,9.0,0
197.5,14.2,0
203.7,10.2,0
223.0,11.2,1
192.1,15.2,0
192.6,13.1,0
180.4,13.5,0
199.9,13.7,0
214.7,15.7,1
173.7,17.5,0
190.0,12.2,0
200.5,14.5,0
212.8,15.9,1
205.7,14.1,0
204.9,17.2,0
196.6,15.1,0
207.2,18.6,0
215.2,11.8,1
174.4,22.5,0
210.9,13.2,0
198.5,19.2,0
192.1,18.4,0
163.4,20.1,0
179.3,17.4,0
225.5,12.9,1
189.7,6.1,0
183.7,12.8,0
193.2,18.2,0
188.8,15.7,0
201.9,11.9,0
222.8,11.4,1
191.2,11.5,0
202.3,13.6,0
182.8,14.5,0
222.8,19.6,1
202.8,15.9,0
183.8,13.2,0
213.6,16.1,1
218.0,12.6,1
202.4,19.5,0
175.4,10.5,0
226.8,16.8,1
204.7,11.0,0
217.6,13.7,1
191.7,16.9,0
194.0,16.3,0
201.7,14.4,0
216.7,15.3,1
202.1,10.3,0
181.1,10.5,0
203.9,16.6,0
224.4,20.3,1
201.0,17.5,0
201.9,15.8,0
181.1,18.0,0
179.0,15.4,0
190.4,17.7,0
195.1,16.2,0
201.6,15.4,0
202.5,10.3,0
224.0,16.1,1
200.9,16.1,0
216.0,17.3,1
199.4,14.6,0
221.7,16.0,1
171.9,13.5,0
191.0,19.7,0
214.7,13.5,1
197.4,13.3,0
214.0,15.1,1
205.8,10.0,0
214.2,12.4,1
209.2,10.2,0
210.1,20.0,0
222.4,16.2,1
214.8,13.4,1
214.9,12.1,1
200.3,21.2,0
191.3,10.1,0
190.1,15.0,0
211.3,19.0,1
163.4,13.1,0
180.4,12.0,0
185.6,11.0,0
196.3,17.5,0
160.5,12.9,0
218.9,12.1,1
209.0,9.8,0
229.8,13.0,1
215.9,17.4,1
215.5,16.9,1
233.8,14.8,1
191.4,13.3,0
177.4,12.8,0
196.5,10.5,0
187.6,16.1,0
196.1,15.3,0
184.2,14.7,0
208.5,15.9,0
207.7,17.3,0
199.6,16.8,0
204.7,9.0,0
197.9,14.0,0
211.3,15.9,0
201.0,14.8,0
196.0,13.2,0
213.9,14.3,1
218.9,20.3,1
220.1,19.0,1
185.1,15.2,0
192.0,13.8,0
174.5,16.6,0
196.4,17.8,0
206.2,16.1,0
198.0,11.8,0
229.0,15.2,1
193.9,15.5,0
183.7,11.7,0
208.5,15.5,0
202.2,16.9,0
208.2,16.7,0
204.6,19.0,0
203.7,11.0,0
168.2,15.8,0
189.1,13.5,0
191.1,17.6,0
194.8,18.1,0
193.3,11.0,0
206.2,13.9,0
209.0,12.1,0
183.0,14.7,0
210.3,14.8,0
208.8,18.9,0
207.0,16.5,0
178.7,18.2,0
206.6,17.9,0
201.2,11.8,0
214.4,15.2,1
226.8,17.9,1
223.8,19.2,1
201.7,17.3,0
200.0,9.9,0
209.5,16.3,0
183.3,14.8,0
178.2,17.1,0
192.9,12.9,0
218.3,15.3,1
195.0,14.1,0
222.5,18.8,1
160.0,16.8,0
176.2,14.3,0
198.1,13.1,0
213.3,13.7,1
199.0,20.0,0
198.6,14.4,0
198.2,21.1,0
173.6,15.5,0
217.4,11.5,1
189.8,18.4,0
216.3,8.8,1
198.9,15.3,0
216.0,22.0,1
205.1,20.1,0
198.4,19.3,0
203.4,17.9,0
177.9,18.6,0
200.1,12.5,0
225.7,17.4,1
219.6,16.1,1
185.2,19.1,0
207.6,20.0,0
203.7,13.6,0
212.3,10.7,0
201.4,15.1,0
196.5,19.5,0
220.0,10.7,1
203.2,14.3,0
218.8,9.1,1
214.6,13.0,1
195.1,16.1,0
197.5,14.9,0
228.9,12.5,1
202.9,19.5,0
188.6,13.7,0
182.0,9.3,0
214.6,20.8,1
202.4,18.2,0
188.1,15.9,0
210.1,12.1,0
202.4,11.8,0
175.1,15.4,0
208.8,15.5,0
220.0,10.7,1
238.4,12.0,1
200.5,16.5,0
203.5,11.2,0
224.1,18.3,1
202.5,13.8,0
204.1,18.4,0
190.5,13.3,0
179.1,17.0,0
213.7,15.7,1
180.9,20.1,0
217.1,13.0,1
188.2,21.2,0
204.0,19.3,0
194.4,13.0,0
217.6,13.3,1
204.5,16.1,0
229.4,17.3,1
183.7,12.1,0
206.2,11.3,0
200.7,9.8,0
204.2,19.6,0
223.9,14.9,1
208.8,9.7,0
182.8,14.2,0
208.0,17.5,0
193.8,16.2,0
192.9,20.7,0
215.7,15.6,1
191.0,14.1,0
194.3,15.9,0
200.5,19.6,0
214.2,17.0,1
208.7,14.6,0
196.5,11.8,0
195.9,14.6,0
182.6,11.1,0
188.6,16.3,0
190.2,16.2,0
197.8,12.0,0
229.8,12.6,1
189.9,17.5,0
195.6,14.9,0
169.2,16.6,0
209.0,13.2,0
176.3,12.6,0
186.4,14.1,0
215.6,11.5,1
168.4,13.3,0
201.4,17.8,0
212.0,13.1,0
222.9,19.7,1
186.2,17.8,0
190.6,17.7,0
227.1,16.0,1
199.6,12.9,0
189.0,11.7,0
189.2,11.6,0
185.4,15.6,0
193.4,22.2,0
216.3,16.4,1
213.3,19.5,1
182.4,14.6,0
203.2,13.3,0
194.0,17.4,0
211.7,13.5,0
197.7,14.1,0
205.6,15.3,0
197.6,11.8,0
167.2,15.8,0
200.7,14.6,0
180.9,11.1,0
211.2,15.1,0
189.8,17.1,0
190.9,12.6,0
199.9,21.9,0
208.7,11.2,0
197.5,12.4,0
224.6,16.8,1
224.7,15.2,1
225.7,12.1,1
196.5,17.1,0
177.8,11.5,0
218.3,17.3,1
193.8,18.7,0
200.6,17.0,0
209.4,15.6,0
175.9,13.0,0
224.4,12.2,1
213.1,17.3,1
205.3,17.3,0
213.4,13.3,1
208.4,15.6,0
201.8,21.1,0
195.4,13.8,0
188.9,16.3,0
204.3,16.1,0
205.4,17.0,0
216.2,20.2,1
203.0,18.8,0
187.2,12.5,0
176.4,15.7,0
198.1,8.4,0
199.6,13.9,0
198.5,9.3,0
177.0,10.9,0
216.1,16.0,1
216.1,21.6,1
187.7,16.4,0
212.1,20.3,1
214.3,8.4,1
200.6,11.5,0
185.8,12.6,0
224.2,12.8,1
205.7,18.0,0
196.2,11.8,0
211.6,12.2,0
224.3,12.9,1
192.5,8.3,0
210.4,13.7,0
229.1,16.2,1
183.3,14.2,0
191.8,15.1,0
191.0,15.5,0
197.6,13.5,0
196.9,13.7,0
204.5,14.3,0
187.7,15.3,0
190.7,13.4,0
204.5,11.3,0
202.3,16.0,0
213.1,10.1,1
206.1,12.9,0
211.6,13.6,0
182.9,12.1,0
194.2,12.5,0
227.7,16.7,1
205.9,20.2,0
211.2,10.3,0
204.1,13.7,0
206.4,15.2,0
196.5,15.3,0
250.0,10.0,1
194.1,15.3,0
199.4,15.0,0
163.6,16.5,0
216.6,11.5,1
191.7,14.8,0
199.1,12.4,0
192.1,15.8,0
197.9,20.0,0
195.7,17.4,0
199.4,13.6,0
199.2,15.8,0
197.7,15.6,0
197.5,11.0,0
219.6,21.4,1
213.2,16.7,1
213.3,18.0,1
189.0,12.6,0
218.9,11.3,1
217.0,13.4,1
191.7,15.3,0
222.9,14.5,1
189.8,11.9,0
172.4,17.2,0
216.5,13.2,1
198.2,19.2,0
214.7,14.4,1
188.7,13.9,0
181.1,14.5,0
218.5,14.7,1
178.9,15.9,0
176.6,11.5,0
171.1,20.6,0
160.0,17.3,0
184.4,19.0,0
167.5,11.4,0
199.5,16.2,0
166.5,17.8,0
183.6,19.4,0
235.0,9.8,1
205.2,12.3,0
200.8,14.0,0
175.7,16.1,0
196.3,11.6,0
200.7,18.7,0
175.9,12.0,0
201.9,9.1,0
217.9,15.5,1
194.8,13.7,0
197.0,15.2,0
169.4,14.6,0
179.0,19.2,0
215.9,17.0,1
190.1,14.7,0
186.1,11.0,0
189.6,13.6,0
199.1,13.6,0
182.6,10.4,0
201.9,17.3,0
179.6,10.8,0
211.6,10.8,0
184.1,12.8,0
219.8,11.5,1
199.8,13.8,0
187.3,10.7,0
213.7,13.9,1
179.4,14.1,0
191.8,16.1,0
200.0,15.8,0
198.2,14.3,0
169.9,16.0,0
186.2,14.2,0
202.5,19.1,0
180.2,12.8,0
219.0,13.3,1
207.4,15.0,0
192.3,12.7,0
196.7,18.9,0
227.9,16.9,1
214.0,17.1,1
205.7,16.6,0
178.8,17.2,0
224.4,12.9,1
215.8,16.5,1
197.8,11.8,0
191.8,12.2,0
197.2,16.1,0
182.0,14.9,0
192.9,15.8,0
211.4,13.3,0
172.9,12.8,0
195.3,13.9,0
201.7,15.2,0
201.6,14.0,0
182.3,17.5,0
182.3,14.0,0
216.3,10.2,1
181.6,16.3,0
215.1,18.5,1
192.8,16.4,0
216.2,17.6,1
193.7,12.5,0
182.5,16.0,0
212.8,16.7,1
199.7,14.8,0
221.7,11.3,1
213.4,15.3,1
196.6,19.1,0
193.3,13.5,0
200.4,21.4,0
202.9,14.5,0
186.8,16.1,0
212.6,12.0,1
194.0,8.5,0
193.7,17.7,0
191.9,16.8,0
203.5,6.4,0
189.6,14.3,0
202.0,13.8,0
241.5,17.7,1
199.2,17.1,0
193.5,12.1,0
175.0,17.9,0
200.8,14.9,0
183.4,15.3,0
194.4,16.4,0
202.3,17.6,0
174.0,9.7,0
202.4,12.3,0
204.6,10.9,0
180.5,16.7,0
194.1,21.8,0
172.5,11.7,0
223.6,12.5,1
205.0,17.2,0
197.3,18.5,0
197.5,16.6,0
217.0,15.9,1
198.6,10.6,0
205.0,14.0,0
222.8,14.8,1
194.8,20.2,0
183.6,14.7,0
187.6,14.7,0
221.4,14.3,1
201.4,11.8,0
192.5,21.1,0
214.6,12.5,1
215.0,12.2,1
192.9,16.0,0
185.4,12.3,0
176.4,16.2,0
173.1,19.3,0
196.0,11.4,0
186.6,13.9,0
227.9,13.5,1
200.9,15.9,0
170.9,17.4,0
221.3,12.0,1
202.4,15.1,0
210.6,13.3,0
210.2,16.0,0
204.4,12.1,0
207.9,14.6,0
203.6,17.2,0
183.4,14.8,0
205.5,17.1,0
215.4,14.5,1
196.8,17.5,0
208.3,11.7,0
206.3,12.2,0
227.2,20.0,1
196.2,15.2,0
195.6,19.9,0
198.2,19.2,0
198.5,15.9,0
165.9,11.8,0
190.4,17.0,0
204.5,13.0,0
199.9,13.2,0
188.0,12.2,0
190.0,14.2,0
194.7,14.5,0
188.0,13.0,0
192.3,10.6,0
191.9,14.6,0
213.4,10.9,1
215.2,16.6,1
214.0,12.8,1
206.4,9.5,0
189.4,11.2,0
214.4,15.0,1
195.3,16.1,0
200.3,15.9,0
220.1,11.4,1
201.3,17.8,0
203.7,18.2,0
178.8,17.6,0
207.3,17.4,0
185.3,15.4,0
215.2,16.9,1
197.2,19.3,0
166.5,15.5,0
194.6,14.3,0
196.6,12.9,0
207.3,11.1,0
210.1,20.2,0
195.1,16.0,0
215.2,20.2,1
160.0,17.5,0
189.3,17.1,0
183.3,20.1,0
181.2,15.2,0
214.4,13.7,1
212.4,11.7,0
188.4,12.6,0
217.7,11.4,1
201.5,14.3,0
193.7,10.4,0
189.6,10.1,0
188.3,9.2,0
207.1,13.0,0
209.8,14.3,0
203.6,9.1,0
169.2,13.3,0
204.4,19.5,0
208.5,19.0,0
190.0,15.4,0
200.6,13.5,0
172.0,11.9,0
181.6,14.5,0
195.1,14.7,0
195.4,17.7,0
205.3,16.5,0
182.2,15.3,0
194.9,14.8,0
192.7,12.3,0
207.9,7.8,0
221.3,17.0,1
225.8,13.0,1
176.5,17.7,0
199.3,14.0,0
183.3,14.5,0
199.0,12.7,0
206.3,18.8,0
201.2,15.3,0
199.3,11.5,0
222.2,13.4,1
210.8,10.4,0
195.9,14.9,0
200.4,10.8,0
213.1,10.4,1
209.1,21.1,0
193.6,21.3,0
173.4,14.9,0
182.2,18.6,0
202.2,13.4,0
173.2,13.2,0
197.7,16.7,0
193.2,17.2,0
215.0,14.7,1
180.2,18.9,0
171.0,19.4,0
193.7,17.9,0
209.5,14.9,0
216.0,20.1,1
186.4,19.0,0
207.1,13.6,0
183.3,15.7,0
188.8,15.7,0
208.5,7.8,0
210.8,13.7,0
185.0,15.6,0
207.1,16.9,0
172.0,18.3,0
197.0,16.3,0
183.0,11.8,0
187.9,14.5,0
180.9,20.5,0
208.3,19.4,0
208.3,14.0,0
189.6,14.7,0
205.6,17.1,0
203.9,12.2,0
198.1,15.3,0
232.4,18.1,1
187.4,12.0,0
200.2,19.1,0
194.3,14.8,0
194.4,13.4,0
202.4,10.0,0
195.6,16.1,0
187.1,16.0,0
201.9,11.2,0
217.7,8.0,1
214.1,13.7,1
203.0,10.5,0
189.0,9.2,0
202.8,14.9,0
216.3,14.0,1
217.9,12.4,1
205.4,11.9,0
194.5,15.9,0
197.0,15.5,0
211.6,18.6,1
210.3,14.5,0
173.6,9.0,0
209.9,12.9,0
210.7,12.0,0
186.7,14.5,0
188.5,10.9,0
188.6,10.8,0
189.8,11.2,0
178.7,14.0,0
204.7,16.9,0
188.2,13.7,0
198.9,13.8,0
192.5,19.2,0
203.8,18.9,0
184.8,14.6,0
203.7,12.4,0
205.8,17.0,0
212.4,15.0,1
229.5,19.0,1
168.6,15.9,0
204.8,13.0,0
189.4,13.0,0
171.1,17.6,0
212.6,13.7,1
220.0,12.5,1
194.1,20.4,0
203.2,11.6,0
199.0,11.1,0
206.5,16.3,0
213.2,13.6,1
205.2,16.0,0
205.2,14.0,0
218.9,15.4,1
197.5,14.8,0
213.8,13.3,1
187.7,17.3,0
224.1,14.1,1
211.1,15.3,0
193.9,16.4,0
168.3,13.0,0
200.0,14.9,0
182.3,18.0,0
204.5,14.8,0
221.8,16.4,1
202.4,14.5,0
197.3,16.3,0
205.1,13.4,0
204.3,15.1,0
164.6,17.8,0
203.6,19.0,0
209.3,14.5,0
196.1,14.8,0
214.7,14.7,1
198.1,17.3,0
211.5,9.3,0
234.1,18.8,1
198.6,11.3,0
170.9,13.6,0
195.0,17.9,0
174.1,15.0,0
209.2,15.1,0
219.6,15.5,1
210.4,15.9,0
204.8,14.3,0
190.3,14.6,0
223.6,18.5,1
211.3,18.3,0
204.3,21.9,0
203.1,19.5,0
201.7,17.0,0
206.8,17.5,0
190.8,16.7,0
222.9,15.5,1
202.3,11.3,0
209.0,16.0,0
193.5,13.0,0
205.6,16.4,0
165.8,17.8,0
183.2,10.4,0
199.5,17.6,0
180.2,14.4,0
236.6,17.8,1
175.0,17.5,0
205.2,12.2,0
224.8,13.7,1
207.2,16.4,0
195.3,10.7,0
191.7,14.5,0
210.1,19.2,0
188.0,17.8,0
198.2,19.7,0
210.4,13.3,0
195.4,12.8,0
201.3,16.4,0
195.4,13.3,0
185.5,11.4,0
217.8,18.9,1
220.9,18.0,1
195.2,14.4,0
196.0,16.5,0
197.3,19.9,0
208.1,12.7,0
186.4,19.3,0
198.7,11.8,0
203.9,11.6,0
209.6,15.5,0
160.0,13.6,0
206.1,14.7,0
205.2,14.3,0
215.1,17.9,1
192.1,13.7,0
192.2,11.3,0
218.0,14.7,1
176.6,22.2,0
224.4,11.6,1
238.3,15.5,1
207.2,11.2,0
212.2,10.4,0
177.7,13.1,0
189.6,17.5,0
215.9,19.1,1
205.4,15.3,0
197.3,14.5,0
203.5,16.5,0
207.6,13.2,0
195.6,14.6,0
199.6,17.1,0
199.5,10.2,0
184.2,13.3,0
204.9,14.5,0
227.1,16.4,1
226.0,10.1,1
177.9,9.6,0
208.6,8.8,0
210.1,12.6,0
193.8,17.2,0
185.5,16.4,0
180.2,17.7,0
193.3,14.5,0
205.3,14.5,0
197.6,14.6,0
190.8,13.6,0
181.3,22.6,0
205.3,16.2,0
216.0,12.4,1
186.1,14.4,0
206.7,17.7,0
171.8,9.2,0
190.1,14.2,0
210.9,18.3,0
183.2,16.8,0
190.9,13.6,0
221.3,17.6,1
189.0,14.7,0
187.2,12.1,0
208.6,14.4,0
229.3,19.0,1
196.4,16.4,0
211.5,14.9,0
220.2,10.5,1
204.9,14.0,0
196.0,17.4,0
186.9,17.7,0
178.6,10.0,0
216.7,11.8,1
202.7,14.2,0
220.0,13.9,1
214.8,16.9,1
190.7,10.3,0
182.2,12.9,0
206.2,17.5,0
190.5,17.8,0
205.7,10.6,0
189.0,16.8,0
187.1,10.7,0
197.9,16.8,0
214.0,17.1,1
204.6,15.5,0
217.7,12.1,1
181.5,9.0,0
184.1,19.3,0
198.7,10.6,0
232.5,13.0,1
210.1,14.2,0
184.0,15.1,0
198.9,16.6,0
203.3,16.3,0
191.5,15.6,0
209.2,14.4,0
197.7,12.3,0
195.5,18.0,0
218.9,16.2,1
174.4,17.1,0
185.6,14.3,0
187.7,17.2,0
187.3,7.7,0
189.1,18.2,0
207.3,14.4,0
216.4,13.6,1
213.7,13.4,1
184.7,13.1,0
198.4,15.1,0
206.8,15.7,0
203.6,19.8,0
219.6,15.1,1
189.9,11.5,0
202.3,21.8,0
194.1,14.9,0
203.8,14.5,0
183.8,13.4,0
186.1,10.8,0
189.0,18.7,0
191.5,11.4,0
223.2,18.0,1
217.6,14.1,1
196.8,16.7,0
202.6,14.1,0
176.1,16.0,0
197.3,15.0,0
202.4,15.1,0
217.2,18.8,1
204.9,15.0,0
206.5,11.7,0
204.5,10.2,0
204.0,13.3,0
179.0,16.9,0
193.7,16.8,0
221.5,17.4,1
212.4,16.2,1
207.4,16.2,0
201.0,12.7,0
209.9,16.7,0
185.8,19.5,0
176.3,14.6,0
194.3,17.0,0
208.1,13.3,0
201.6,18.2,0
215.2,17.0,1
205.3,15.4,0
200.7,12.2,0
219.9,16.1,1
217.0,20.0,1
198.5,15.4,0
183.5,21.9,0
186.4,11.2,0
197.6,12.8,0
194.5,12.9,0
224.9,15.1,1
174.8,17.8,0
199.0,13.4,0
184.0,15.1,0
201.8,16.7,0
205.7,15.4,0
193.9,15.2,0
208.0,14.8,0
197.0,19.3,0
197.3,12.6,0
193.7,19.7,0
209.8,13.3,0
202.1,17.0,0
223.6,16.7,1
219.1,15.0,1
208.3,15.2,0
167.6,16.4,0
177.7,14.4,0
214.8,13.1,1
192.9,18.4,0
203.5,14.1,0
190.5,15.2,0
207.8,14.4,0
214.4,15.9,1
181.9,17.2,0
187.8,12.9,0
175.0,8.1,0
203.5,21.6,0
175.0,11.5,0
194.5,15.8,0
207.8,12.2,0
230.9,14.9,1
205.5,9.5,0
218.8,21.1,1
203.9,14.4,0
204.6,14.6,0
196.8,17.5,0
194.3,12.9,0
217.6,9.9,1
205.6,19.0,0
205.0,8.9,0
190.9,15.7,0
194.8,10.6,0
231.0,16.2,1
199.0,16.8,0
219.9,14.5,1
192.2,13.3,0
212.0,12.7,0
204.3,14.9,0
193.9,13.7,0
209.7,12.2,0
176.8,14.1,0
208.6,13.7,0
211.8,23.3,1
204.1,14.0,0
219.7,13.5,1
199.0,17.1,0
197.8,20.7,0
205.3,12.5,0
213.0,14.5,1
208.5,12.9,0
196.6,18.7,0
185.1,17.2,0
210.0,17.0,0
188.2,12.5,0
187.7,15.3,0
190.2,18.3,0
200.9,19.8,0
188.1,14.2,0
183.0,16.7,0
190.1,18.1,0
197.3,15.9,0
206.8,18.4,0
201.0,9.2,0
183.8,16.9,0
203.4,15.2,0
204.8,17.5,0
193.2,21.5,0
188.1,17.3,0
188.1,10.2,0
192.0,12.0,0
233.2,17.2,1
186.7,17.3,0
204.0,20.2,0
189.3,17.7,0
192.4,12.2,0
189.4,21.8,0
212.0,14.0,0
205.7,15.9,0
198.1,13.0,0
207.5,17.2,0
211.2,19.6,1
187.2,19.4,0
208.2,15.2,0
189.2,15.0,0
212.6,17.3,1
211.1,14.3,0
206.1,18.1,0
196.9,19.1,0
192.1,16.2,0
196.0,13.4,0
211.5,14.9,0
189.8,19.2,0
200.7,24.0,0
173.8,17.5,0
203.9,13.3,0
184.5,13.0,0
180.2,15.2,0
207.8,17.8,0
203.2,11.2,0
193.3,15.5,0
195.5,17.0,0
234.1,17.4,1
197.1,15.3,0
197.0,10.7,0
209.8,19.6,0
201.3,19.4,0
214.8,15.6,1
204.2,13.8,0
211.4,14.5,0
206.6,14.2,0
209.7,15.6,0
199.4,16.3,0
203.3,11.2,0
195.9,10.4,0
209.1,14.3,0
179.8,15.5,0
210.9,11.0,0
215.0,15.9,1
211.1,18.3,0
198.4,13.6,0
207.6,17.9,0
188.4,12.5,0
212.6,16.4,1
183.5,11.7,0
208.9,14.4,0
208.0,11.3,0
206.1,14.8,0
193.3,16.7,0
211.4,19.0,1
172.4,12.7,0
211.7,13.7,0
202.9,9.7,0
215.8,16.8,1
203.0,12.3,0
227.6,12.4,1
185.9,14.6,0
209.1,18.6,0
186.7,12.2,0
198.1,18.4,0
211.1,17.2,0
209.4,15.1,0
231.2,17.7,1
194.7,14.9,0
219.3,11.6,1
196.2,15.0,0
189.5,14.6,0
175.7,11.5,0
202.4,18.1,0
192.2,12.7,0
212.7,10.2,0
192.1,12.3,0
192.9,16.2,0
205.3,18.4,0
225.8,15.8,1
183.7,15.5,0
215.3,21.8,1
213.1,12.3,1
196.7,13.4,0
210.1,14.2,0
195.7,11.6,0
235.6,13.2,1
198.3,20.3,0
201.2,14.6,0
195.1,16.0,0
174.6,12.0,0
196.1,14.5,0
203.5,18.6,0
222.5,13.4,1
207.4,20.5,0
197.2,16.2,0
200.9,19.4,0
204.9,17.9,0
194.3,17.3,0
210.2,16.5,0
224.4,16.2,1
194.6,18.8,0
218.1,13.0,1
213.1,16.4,1
208.1,11.0,0
201.7,19.9,0
205.1,17.4,0
196.7,16.6,0
227.6,13.4,1
189.2,15.0,0
217.0,16.4,1
223.2,8.3,1
195.2,16.5,0
217.5,13.8,1
202.2,19.1,0
200.9,17.3,0
198.9,17.0,0
175.8,18.6,0
208.2,17.7,0
221.7,21.9,1
189.4,16.6,0
212.7,19.3,1
198.7,19.9,0
183.6,14.9,0
215.0,18.1,1
225.3,17.0,1
188.1,14.4,0
203.2,18.1,0
178.4,17.2,0
199.4,23.1,0
207.3,17.5,0
226.3,18.0,1
223.4,19.1,1
224.6,16.6,1
192.1,15.7,0
196.3,15.4,0
175.0,10.7,0
189.3,14.0,0
178.2,20.2,0
205.5,17.2,0
189.5,14.5,0
183.5,19.0,0
194.7,19.6,0
182.2,15.8,0
204.6,22.4,0
204.3,15.8,0
195.3,14.4,0
189.0,16.0,0
179.9,16.0,0
208.3,16.7,0
203.4,15.2,0
207.0,18.2,0
195.4,11.7,0
196.7,15.6,0
221.6,14.6,1
191.0,16.5,0
195.3,9.1,0
211.2,16.4,0
204.5,15.4,0
169.3,10.2,0
174.7,16.2,0
190.1,15.0,0
213.7,19.3,1
210.1,15.7,0
207.8,16.7,0
209.4,18.4,0
185.5,17.0,0
209.0,13.8,0
186.2,17.5,0
214.2,15.5,1
192.3,13.8,0
204.2,15.9,0
171.9,11.0,0
179.8,13.4,0
216.4,11.0,1
210.4,14.9,0
181.7,11.1,0
219.3,16.0,1
183.6,18.1,0
200.3,17.5,0
192.8,11.1,0
186.1,10.8,0
217.5,13.2,1
225.3,14.7,1
202.7,10.5,0
222.9,13.0,1
195.8,13.0,0
201.6,13.7,0
202.0,8.6,0
182.6,10.6,0
207.5,13.4,0
210.6,12.6,0
197.4,14.5,0
174.6,13.6,0
205.5,15.3,0
177.3,10.3,0
187.8,14.3,0
202.0,10.3,0
188.5,16.6,0
203.8,17.9,0
196.6,12.4,0
175.5,14.6,0
202.5,16.4,0
208.8,14.0,0
215.2,15.3,1
194.5,12.6,0
199.1,19.7,0
177.6,14.7,0
229.5,14.1,1
222.6,17.3,1
199.5,16.8,0
198.1,10.1,0
160.0,18.2,0
215.5,14.3,1
208.4,9.5,0
212.2,14.2,1
193.9,12.0,0
193.0,16.3,0
181.5,17.5,0
211.7,15.0,0
218.8,13.2,1
216.9,12.1,1
202.8,16.3,0
195.1,14.6,0
184.2,11.0,0
189.5,17.2,0
207.0,12.7,0
195.7,16.7,0
224.6,13.4,1
217.3,12.9,1
191.0,15.5,0
181.8,21.2,0
191.8,16.3,0
216.0,12.7,1
192.1,17.4,0
208.2,14.2,0
191.5,19.4,0
205.1,10.5,0
207.9,20.0,0
214.8,17.1,1
221.5,12.3,1
219.7,11.5,1
192.0,17.9,0
197.8,13.6,0
182.4,11.5,0
196.5,15.5,0
200.4,16.6,0
193.9,16.5,0
192.4,11.5,0
215.5,13.1,1
213.6,15.3,1
206.0,11.5,0
180.8,14.4,0
203.0,15.0,0
194.2,15.0,0
219.7,9.1,1
173.0,13.6,0
191.6,12.8,0
191.2,12.9,0
193.0,19.3,0
214.4,16.4,1
164.7,13.4,0
196.9,19.1,0
212.8,19.4,1
214.7,14.5,1
191.8,12.7,0
189.8,16.6,0
205.2,10.7,0
202.3,15.5,0
201.0,13.8,0
160.0,9.8,0
183.1,19.1,0
187.1,11.8,0
209.6,8.0,0
178.4,14.2,0
184.3,10.4,0
197.7,19.9,0
180.7,13.1,0
209.6,21.4,0
194.1,9.3,0
227.5,21.6,1
190.6,14.3,0
191.4,13.7,0
212.1,14.4,0
190.2,17.4,0
222.7,12.2,1
207.2,17.4,0
195.4,12.9,0
197.6,12.9,0
242.8,14.1,1
207.3,17.0,0
202.3,12.1,0
198.0,20.7,0
215.6,13.2,1
177.2,21.5,0
197.3,12.2,0
160.0,22.0,0
192.0,18.1,0
212.7,19.9,1
220.7,10.9,1
209.1,12.3,0
209.6,12.1,0
174.3,14.8,0
189.8,17.1,0
222.1,18.0,1
192.1,16.5,0
198.0,16.8,0
187.9,19.3,0
186.0,15.0,0
192.9,13.7,0
190.1,16.9,0
214.4,16.5,1
203.2,10.8,0
215.3,15.5,1
179.2,22.6,0
218.4,15.2,1
200.3,18.2,0
227.6,14.4,1
199.2,20.0,0
177.6,16.9,0
219.3,13.2,1
198.0,18.0,0
167.7,20.6,0
202.2,16.9,0
203.5,15.3,0
216.1,17.1,1
160.0,15.9,0
217.2,17.7,1
192.9,14.0,0
228.9,12.1,1
174.2,18.3,0
208.2,21.7,0
206.2,16.4,0
193.7,15.1,0
188.4,23.8,0
194.4,18.4,0
194.8,18.1,0
181.2,16.0,0
214.9,13.5,1
183.6,13.9,0
215.3,14.4,1
173.2,10.8,0
197.3,14.3,0
197.6,15.5,0
199.8,14.2,0
214.3,15.9,1
197.0,14.8,0
193.1,15.5,0
197.0,13.1,0
214.7,14.1,1
181.9,15.0,0
184.7,12.8,0
170.6,14.7,0
230.4,13.1,1
182.6,18.3,0
171.7,14.3,0
187.9,16.5,0
190.8,13.3,0
222.0,14.4,1
193.0,14.7,0
204.4,11.2,0
173.1,10.0,0
203.1,10.9,0
175.3,17.1,0
195.3,16.5,0
188.6,14.1,0
200.9,9.9,0
209.5,17.2,0
180.0,13.2,0
183.0,15.7,0
202.9,16.0,0
210.3,18.7,0
221.3,15.1,1
192.9,5.0,0
177.6,16.9,0
202.8,12.4,0
188.1,10.4,0
186.1,12.2,0
221.1,8.2,1
209.3,17.2,0
189.1,11.6,0
199.7,17.4,0
198.7,14.6,0
202.5,14.5,0
193.9,16.8,0
171.5,6.5,0
185.4,17.0,0
192.0,15.6,0
200.4,18.1,0
183.8,13.7,0
202.8,16.1,0
194.3,12.6,0
188.6,16.9,0
180.9,17.3,0
206.7,7.0,0
206.4,16.0,0
212.0,12.1,0
208.2,14.4,0
209.4,14.3,0
205.7,15.6,0
173.6,16.4,0
195.8,14.2,0
178.5,13.2,0
220.5,13.0,1
199.8,10.7,0
219.0,9.4,1
184.5,18.8,0
198.6,10.7,0
204.0,19.8,0
195.0,11.7,0
202.8,17.0,0
222.2,18.5,1
184.5,13.8,0
160.4,14.7,0
224.0,15.6,1
188.1,15.5,0
216.8,12.7,1
209.8,10.3,0
196.7,15.8,0
205.7,16.2,0
182.9,13.0,0
201.3,18.6,0
208.9,13.3,0
188.4,17.3,0
194.3,17.2,0
204.7,10.0,0
219.8,17.5,1
200.0,7.8,0
193.5,15.8,0
197.8,12.7,0
217.4,15.3,1
190.4,18.6,0
195.5,16.7,0
190.5,16.7,0
196.9,18.0,0
203.2,13.6,0
215.5,16.6,1
168.1,15.4,0
208.3,13.6,0
186.6,16.0,0
208.9,12.7,0
218.6,16.8,1
214.9,10.9,1
202.4,19.1,0
212.5,13.9,1
185.8,16.4,0
199.0,13.7,0
222.8,12.7,1
188.2,14.7,0
203.0,19.7,0
194.5,15.1,0
197.1,12.5,0
206.1,9.7,0
196.0,15.2,0
199.9,15.3,0
192.4,12.5,0
172.6,16.7,0
202.9,15.6,0
206.6,15.2,0
220.7,16.0,1
198.0,11.4,0
179.1,15.7,0
188.7,14.9,0
208.1,18.3,0
198.7,13.3,0
204.2,17.0,0
194.7,15.0,0
228.0,17.9,1
225.9,22.4,1
186.0,15.9,0
213.6,13.3,1
204.6,15.5,0
200.2,16.5,0
187.1,13.4,0
224.3,14.3,1
217.5,13.9,1
178.1,19.4,0
220.8,15.2,1
199.4,16.4,0
191.0,11.8,0
185.4,11.2,0
214.2,11.2,1
206.0,15.7,0
186.9,12.6,0
187.8,12.4,0
194.2,16.8,0
192.3,17.9,0
207.9,13.0,0
205.7,5.0,0
190.5,10.9,0
175.1,9.8,0
180.0,19.7,0
213.1,14.1,1
185.1,11.7,0
201.7,20.1,0
173.6,11.0,0
206.0,15.5,0
228.8,12.5,1
180.1,10.6,0
208.2,12.0,0
204.1,18.5,0
213.8,14.4,1
198.0,17.5,0
204.1,13.2,0
202.7,12.8,0
208.6,13.7,0
187.4,18.1,0
202.9,13.2,0
212.2,12.2,0
217.5,10.9,1
207.4,13.3,0
183.0,10.7,0
176.7,21.3,0
206.1,15.8,0
184.8,10.5,0
212.7,16.6,1
195.7,13.0,0
215.2,15.1,1
231.9,11.5,1
199.1,14.4,0
198.3,15.9,0
215.2,14.1,1
216.0,17.7,1
225.5,18.1,1
202.9,19.6,0
190.5,10.9,0
200.1,15.7,0
190.6,19.7,0
203.6,13.4,0
187.0,18.5,0
213.5,15.5,1
210.5,12.3,0
202.1,13.4,0
200.4,15.7,0
197.1,13.3,0
219.7,18.3,1
217.8,17.1,1
202.2,13.8,0
187.2,11.0,0
182.3,15.3,0
204.3,20.6,0
190.4,18.3,0
207.1,18.0,0
194.2,17.4,0
211.6,20.3,1
203.1,15.8,0
215.0,20.8,1
166.5,15.7,0
196.6,14.1,0
233.3,19.6,1
162.5,15.3,0
212.6,16.1,1
206.3,15.9,0
219.3,17.1,1
197.4,15.3,0
217.9,11.6,1
218.3,17.2,1
203.0,15.9,0
182.5,14.0,0
213.7,12.6,1
185.4,17.1,0
197.9,12.2,0
214.2,13.2,1
216.4,9.2,1
194.8,14.1,0
209.4,17.8,0
176.9,15.0,0
192.9,11.8,0
222.0,20.0,1
220.2,16.6,1
210.0,12.8,0
197.9,16.0,0
212.7,14.2,1
199.7,9.5,0
202.5,16.6,0
201.3,13.2,0
188.4,20.1,0
210.9,18.7,0
184.0,12.0,0
211.6,10.6,0
185.6,13.8,0
189.2,17.4,0
160.0,17.0,0
197.7,20.0,0
202.8,15.4,0
212.4,10.7,0
219.7,14.0,1
177.6,11.2,0
214.8,18.1,1
193.0,16.6,0
198.9,13.2,0
198.4,14.7,0
193.3,19.1,0
186.7,19.1,0
204.2,14.4,0
212.2,13.7,0
181.1,18.0,0
199.7,13.1,0
190.6,12.3,0
216.4,15.7,1
207.4,14.6,0
222.6,13.6,1
176.8,20.1,0
215.5,14.6,1
202.4,14.3,0
189.1,14.0,0
207.3,15.4,0
223.5,14.2,1
224.1,15.1,1
212.3,10.0,0
185.1,11.5,0
204.6,19.6,0
205.1,18.2,0
218.6,18.5,1
197.5,14.6,0
200.2,11.4,0
190.2,17.9,0
210.0,17.6,0
196.8,12.6,0
202.8,23.3,0
193.0,16.8,0
200.7,17.5,0
183.8,11.5,0
202.4,21.2,0
191.0,15.5,0
210.5,16.7,0
227.7,14.7,1
212.7,16.4,1
183.2,10.7,0
194.6,17.6,0
175.9,16.4,0
200.2,10.3,0
173.4,18.4,0
182.0,15.0,0
216.4,19.6,1
212.9,12.8,1
177.2,9.8,0
193.3,15.8,0
207.0,16.4,0
205.9,20.9,0
175.6,13.1,0
203.9,16.4,0
190.9,18.2,0
218.0,15.7,1
197.0,15.7,0
205.4,11.0,0
198.4,17.9,0
210.0,14.9,0
188.5,21.9,0
210.0,18.7,0
218.1,13.5,1
227.5,13.2,1
223.8,11.2,1
192.0,14.9,0
208.7,18.1,0
212.1,16.5,1
208.9,18.8,0
211.3,13.2,0
206.4,18.4,0
191.8,14.8,0
203.1,18.8,0
212.7,10.5,0
206.9,12.9,0
183.6,12.9,0
186.8,17.4,0
193.9,10.2,0
196.9,14.7,0
202.4,18.5,0
185.3,17.2,0
211.9,15.1,0
172.1,19.5,0
207.9,16.3,0
207.6,15.8,0
209.7,14.2,0
160.0,20.4,0
179.8,19.8,0
194.7,16.1,0
202.5,16.1,0
198.8,15.6,0
187.8,15.2,0
219.2,14.6,1
204.9,16.6,0
194.1,12.8,0
185.2,12.7,0
201.0,12.5,0
218.9,17.7,1
200.5,9.2,0
199.5,20.2,0
201.0,13.2,0
201.8,11.4,0
196.5,14.9,0
185.4,11.8,0
222.9,13.1,1
209.6,13.6,0
231.8,14.7,1
207.5,8.8,0
196.5,16.3,0
185.8,13.2,0
195.1,9.2,0
182.7,15.3,0
231.5,20.5,1
199.7,9.8,0
211.8,14.4,0
214.4,15.3,1
216.2,19.0,1
238.2,11.8,1
198.6,18.0,0
197.3,12.8,0
202.5,17.4,0
211.2,18.2,0
202.7,13.8,0
196.0,11.3,0
189.3,15.9,0
188.4,15.4,0
204.0,11.5,0
185.0,16.1,0
172.8,14.8,0
201.7,14.8,0
217.4,15.3,1
209.9,14.9,0
199.7,13.3,0
206.0,16.8,0
175.3,11.9,0
189.7,20.8,0
225.2,6.8,1
217.8,17.4,1
189.3,17.6,0
226.3,14.1,1
189.2,11.4,0
187.7,15.2,0
223.0,12.1,1
219.6,14.0,1
191.2,12.3,0
199.3,17.9,0
194.9,14.8,0
207.6,18.5,0
223.5,14.9,1
208.0,9.7,0
198.3,15.5,0
179.8,19.2,0
211.7,14.6,0
181.7,11.3,0
197.2,14.0,0
214.4,11.6,1
212.2,17.8,1
212.6,11.6,0
210.5,12.0,0
202.2,14.8,0
204.5,18.8,0
201.4,12.1,0
207.2,14.3,0
208.0,13.6,0
202.0,13.9,0
207.7,8.5,0
189.7,10.9,0
195.4,12.5,0
203.5,15.9,0
228.9,13.3,1
207.9,10.3,0
198.0,14.0,0
196.7,15.9,0
211.2,19.7,1
198.5,16.0,0
209.6,12.0,0
207.7,15.0,0
181.3,14.1,0
207.1,10.7,0
207.0,15.1,0
212.0,19.2,1
187.4,18.9,0
216.4,6.8,1
197.5,14.5,0
229.8,13.7,1
226.3,14.2,1
190.9,15.3,0
179.5,11.0,0
210.5,14.2,0
187.7,14.2,0
217.2,20.4,1
207.9,11.1,0
178.2,15.2,0
211.7,9.5,0
202.1,19.0,0
206.2,13.8,0
222.9,15.6,1
198.1,14.0,0
211.4,10.8,0
191.0,15.7,0
191.4,15.9,0
196.7,12.1,0
190.7,15.3,0
208.5,14.6,0
180.1,19.7,0
212.4,17.7,1
188.6,17.4,0
205.7,15.7,0
182.2,15.3,0
207.2,13.4,0
216.3,12.1,1
200.1,18.0,0
223.2,11.6,1
197.9,14.7,0
206.2,11.2,0
186.1,14.1,0
206.6,13.5,0
191.5,16.8,0
189.2,11.4,0
223.7,7.2,1
180.9,16.1,0
198.3,18.0,0
210.7,13.2,0
203.5,15.2,0
172.3,14.2,0
209.1,13.9,0
179.3,16.8,0
193.4,16.5,0
196.3,17.1,0
160.0,15.0,0
198.4,15.5,0
210.0,15.1,0
197.4,16.0,0
202.8,14.5,0
233.9,10.9,1
216.9,15.4,1
200.9,15.9,0
238.8,15.6,1
190.5,18.4,0
207.8,17.0,0
176.4,17.5,0
206.0,11.6,0
198.3,17.0,0
200.9,14.5,0
205.6,12.2,0
204.2,18.1,0
183.9,10.7,0
194.2,10.1,0
200.1,14.2,0
178.6,23.2,0
212.0,15.5,1
228.2,17.9,1
204.6,15.4,0
192.1,12.5,0
165.5,17.5,0
177.2,11.5,0
205.1,16.5,0
218.9,8.6,1
196.7,11.6,0
177.7,19.9,0
186.9,19.9,0
191.4,12.2,0
171.0,17.2,0
195.3,17.9,0
213.4,16.7,1
174.8,14.8,0
191.6,9.2,0
169.6,20.0,0
187.7,13.0,0
197.8,17.8,0
215.3,18.2,1
206.8,14.0,0
182.2,15.9,0
201.4,15.5,0
195.0,12.3,0
199.8,14.9,0
197.0,16.2,0
204.7,19.4,0
202.7,19.6,0
213.0,11.6,1
201.7,18.1,0
225.3,8.8,1
207.8,14.2,0
222.2,11.4,1
210.8,17.8,0
189.9,16.5,0
218.6,10.2,1
217.8,12.6,1
160.0,15.5,0
191.8,14.7,0
221.6,14.0,1
215.8,14.2,1
178.1,10.3,0
212.9,19.3,1
225.9,18.3,1
209.1,17.3,0
177.9,15.0,0
188.2,16.0,0
206.0,19.2,0
196.8,13.3,0
219.2,14.6,1
211.0,9.0,0
229.4,15.5,1
215.3,15.1,1
208.3,13.5,0
195.3,16.7,0
221.1,16.0,1
200.1,19.0,0
184.6,11.9,0
200.7,13.3,0
198.6,17.4,0
185.1,14.6,0
212.4,14.9,1
197.9,21.9,0
205.9,11.3,0
188.3,14.7,0
197.5,12.7,0
211.6,17.9,1
196.3,13.2,0
194.5,16.0,0
232.8,17.2,1
204.7,17.2,0
211.0,15.7,0
211.2,14.9,0
201.5,12.6,0
207.9,14.9,0
185.4,15.5,0
221.7,16.5,1
218.7,14.6,1
202.9,20.4,0
200.1,14.5,0
181.4,18.5,0
215.4,22.7,1
196.2,20.4,0
209.1,17.2,0
178.4,14.2,0
209.5,19.0,0
197.4,11.8,0
200.2,12.5,0
178.7,16.2,0
210.2,15.9,0
190.8,15.6,0
199.3,17.9,0
212.1,13.6,0
198.7,19.3,0
229.8,17.1,1
186.5,13.5,0
203.6,18.7,0
206.2,18.2,0
184.7,16.0,0
201.3,11.6,0
197.1,10.7,0
203.4,15.1,0
206.8,11.0,0
221.0,19.7,1
204.3,21.5,0
208.2,12.7,0
222.5,20.2,1
176.2,15.9,0
196.1,14.8,0
200.6,19.0,0
176.7,17.5,0
201.2,13.7,0
164.7,16.6,0
210.6,17.5,0
177.8,22.1,0
181.2,16.7,0
207.9,16.2,0
175.0,17.7,0
230.8,13.1,1
201.7,17.2,0
198.5,12.0,0
218.0,22.2,1
198.8,15.8,0
203.6,14.9,0
197.7,20.7,0
192.5,12.7,0
205.6,13.1,0
207.9,14.5,0
180.9,13.7,0
186.8,20.0,0
190.1,11.9,0
199.6,16.3,0
205.2,12.3,0
232.3,10.7,1
204.1,8.5,0
197.4,18.2,0
189.3,12.0,0
214.8,13.2,1
199.8,16.1,0
205.1,17.2,0
200.0,12.3,0
208.3,16.7,0
207.2,19.9,0
205.6,15.8,0
200.1,13.0,0
201.4,11.2,0
205.7,15.5,0
171.1,15.0,0
199.5,17.7,0
214.7,16.5,1
192.8,13.3,0
168.6,10.6,0
179.2,10.8,0
201.1,15.4,0
189.2,14.9,0
202.0,15.1,0
199.7,13.2,0
193.0,16.9,0
186.3,16.5,0
202.9,19.6,0
201.0,15.7,0
198.1,15.1,0
213.1,16.3,1
203.0,13.9,0
191.1,17.7,0
194.6,15.9,0
199.1,16.2,0
201.8,18.0,0
220.0,20.0,1
225.3,15.6,1
193.0,14.0,0
184.7,16.5,0
191.9,13.3,0
206.3,13.7,0
212.5,20.1,1
193.9,14.6,0
186.3,11.9,0
205.7,14.0,0
209.4,13.0,0
215.5,13.9,1
190.4,10.0,0
204.9,14.4,0
175.5,13.1,0
198.4,18.7,0
210.8,18.1,0
222.3,13.4,1
204.5,10.5,0
196.4,13.0,0
178.9,17.8,0
203.4,14.5,0
209.5,11.2,0
215.2,15.0,1
203.6,18.1,0
185.7,13.9,0
208.3,13.4,0
225.3,13.0,1
196.1,14.1,0
188.0,15.6,0
195.1,18.9,0
199.8,15.7,0
192.1,17.4,0
210.6,15.8,0
206.5,12.2,0
195.0,19.0,0
199.7,12.4,0
176.9,13.2,0
204.8,17.0,0
179.1,16.3,0
195.8,11.9,0
193.1,11.0,0
207.0,17.8,0
193.3,18.1,0
199.3,15.3,0
222.4,12.1,1
176.5,15.0,0
201.7,18.9,0
213.0,16.0,1
190.6,13.1,0
200.3,17.4,0
179.6,20.9,0
175.9,21.4,0
210.8,16.6,0
195.1,14.8,0
180.3,10.5,0
192.9,12.8,0
209.1,18.8,0
208.3,17.4,0
215.7,15.5,1
192.4,12.5,0
190.6,17.3,0
205.0,16.8,0
215.0,16.5,1
194.4,12.7,0
214.4,13.0,1
195.0,11.1,0
230.6,8.4,1
174.2,13.4,0
223.0,15.7,1
177.5,13.6,0
218.3,18.4,1
201.3,11.1,0
193.2,19.0,0
186.4,17.5,0
186.1,11.3,0
210.2,22.7,0
206.9,14.3,0
197.2,12.0,0
199.6,12.1,0
186.9,13.6,0
198.0,13.9,0
213.3,13.3,1
186.4,15.9,0
207.8,18.7,0
193.1,13.0,0
177.1,15.8,0
215.9,18.3,1
179.4,13.5,0
193.0,12.9,0
216.0,15.5,1
188.2,5.4,0
214.1,14.8,1
193.3,21.1,0
198.6,13.7,0
228.3,20.0,1
217.0,16.2,1
201.3,14.3,0
190.2,15.7,0
200.4,16.3,0
224.7,13.1,1
232.6,10.6,1
190.7,14.2,0
221.7,12.9,1
176.3,16.8,0
208.8,17.0,0
205.6,13.7,0
215.6,16.6,1
187.5,16.3,0
202.2,8.3,0
172.1,17.9,0
190.5,10.9,0
199.7,14.3,0
202.9,19.8,0
241.9,17.5,1
192.4,11.0,0
200.3,15.2,0
182.7,15.1,0
171.7,15.8,0
213.5,10.9,1
213.6,21.6,1
179.4,16.3,0
174.7,15.4,0
190.5,17.8,0
225.0,14.4,1
177.7,16.9,0
210.2,12.8,0
202.0,13.0,0
195.5,16.7,0
190.9,15.0,0
203.7,14.9,0
195.3,16.1,0
194.0,11.5,0
196.9,7.2,0
216.7,14.2,1
203.2,10.9,0
201.0,16.1,0
220.7,18.3,1
196.0,14.4,0
221.5,10.8,1
189.9,14.6,0
208.0,12.4,0
195.2,18.4,0
199.0,15.0,0
190.4,18.6,0
195.6,12.5,0
189.5,14.9,0
206.0,12.7,0
187.6,16.5,0
208.0,14.1,0
235.2,12.8,1
176.7,10.8,0
164.4,17.5,0
185.2,16.9,0
211.1,13.3,0
189.3,12.7,0
208.7,16.5,0
214.2,18.8,1
196.2,5.0,0
213.3,18.4,1
166.0,16.0,0
212.5,16.5,1
212.0,13.7,0
198.5,12.0,0
215.1,15.9,1
221.6,10.1,1
229.0,18.9,1
229.1,16.5,1
200.8,11.9,0
197.9,16.8,0
198.8,10.5,0
160.0,16.9,0
210.5,17.3,0
235.2,15.2,1
208.5,16.7,0
178.7,12.1,0
185.1,7.4,0
185.9,17.2,0
224.9,18.0,1
207.5,18.8,0
209.6,14.5,0
205.3,11.9,0
183.3,7.7,0
185.8,24.9,0
210.2,17.0,0
201.3,16.2,0
172.1,13.0,0
211.8,15.6,0
221.3,15.6,1
200.1,13.8,0
195.3,16.0,0
220.5,15.0,1
197.1,19.8,0
190.8,10.0,0
176.9,13.8,0
192.6,15.2,0
228.0,15.2,1
217.5,6.8,1
201.8,14.4,0
199.9,16.6,0
214.8,6.7,1
201.5,18.9,0
181.0,17.1,0
202.2,21.7,0
202.6,12.2,0
200.2,12.3,0
203.9,11.4,0
189.6,14.0,0
202.3,13.9,0
176.0,8.9,0
186.2,11.9,0
196.3,17.3,0
209.0,12.6,0
195.5,19.8,0
206.6,10.5,0
215.3,16.9,1
236.3,12.5,1
195.6,15.8,0
190.3,15.2,0
200.6,16.6,0
203.0,8.8,0
208.2,17.0,0
212.2,15.3,1
195.8,14.9,0
210.9,19.1,0
201.2,19.7,0
218.4,19.7,1
195.8,10.9,0
202.1,18.0,0
204.1,13.8,0
217.0,11.3,1
199.9,14.5,0
184.5,11.0,0
174.6,14.3,0
215.5,17.2,1
209.6,13.6,0
224.9,16.0,1
201.4,19.0,0
201.3,16.1,0
202.7,20.5,0
192.0,16.2,0
189.4,11.2,0
206.6,13.2,0
217.7,14.9,1
209.1,15.7,0
192.8,17.9,0
206.4,12.0,0
202.6,14.2,0
191.5,16.0,0
181.7,16.0,0
187.5,20.5,0
217.9,9.8,1
203.8,16.9,0
190.9,15.9,0
201.1,15.9,0
209.2,19.8,0
191.9,13.2,0
188.5,10.9,0
173.4,10.4,0
216.3,13.4,1
208.8,15.8,0
210.0,15.1,0
208.4,20.0,0
169.6,11.2,0
201.6,15.2,0
206.7,12.3,0
201.1,12.6,0
164.7,16.5,0
198.1,17.9,0
196.1,14.9,0
215.6,12.7,1
198.4,11.6,0
192.2,14.1,0
192.2,14.4,0
210.8,17.4,0
210.1,11.2,0
196.8,20.6,0
194.0,23.5,0
165.5,15.5,0
169.4,15.7,0
187.5,15.7,0
197.8,16.7,0
188.1,12.4,0
177.3,15.5,0
199.4,14.5,0
199.7,13.7,0
219.6,18.0,1
194.6,12.6,0
196.5,17.9,0
189.2,16.2,0
239.1,18.1,1
209.7,14.7,0
187.6,13.7,0
170.5,14.8,0
180.7,17.9,0
186.2,19.4,0
179.6,17.6,0
198.2,8.7,0
184.7,18.4,0
175.9,15.1,0
209.6,15.1,0
176.9,7.8,0
161.7,12.9,0
214.1,17.0,1
226.9,11.7,1
200.6,7.3,0
210.3,14.7,0
210.1,11.8,0
235.3,16.5,1
185.1,17.8,0
193.2,15.4,0
193.4,14.2,0
200.8,13.2,0
196.9,15.3,0
198.8,12.7,0
202.1,15.4,0
229.7,18.1,1
204.1,14.4,0
212.4,15.6,1
210.0,16.5,0
205.3,13.4,0
196.0,15.2,0
212.1,12.9,0
173.7,12.4,0
223.1,17.0,1
210.0,11.6,0
201.5,14.9,0
199.8,14.1,0
203.3,12.5,0
212.2,16.0,1
206.9,10.4,0
220.5,11.7,1
225.7,12.2,1
216.4,11.3,1
177.6,13.2,0
192.2,15.1,0
214.7,14.9,1
232.0,15.4,1
191.2,13.9,0
209.0,15.0,0
218.4,18.9,1
201.6,9.3,0
181.7,15.8,0
229.3,14.2,1
187.0,13.8,0
188.9,12.4,0
204.0,9.0,0
200.8,14.9,0
186.2,11.2,0
225.1,17.1,1
207.8,12.5,0
213.6,13.0,1
199.4,13.8,0
199.9,16.6,0
219.8,17.1,1
192.2,16.9,0
194.7,13.2,0
207.0,17.0,0
213.6,10.7,1
213.6,16.8,1
185.9,16.1,0
183.7,16.6,0
187.3,12.6,0
213.3,14.3,1
213.2,18.8,1
204.8,10.3,0
204.5,15.6,0
175.2,13.7,0
204.8,14.5,0
176.4,15.9,0
212.4,11.7,0
195.3,16.6,0
203.6,11.8,0
196.8,14.2,0
198.8,10.0,0
183.3,15.0,0
197.5,11.0,0
199.1,16.1,0
203.1,20.9,0
208.2,13.8,0
207.2,12.1,0
204.0,14.0,0
190.2,15.7,0
180.5,11.4,0
185.0,14.4,0
187.7,20.8,0
212.7,16.8,1
216.1,12.1,1
188.1,15.4,0
182.6,14.0,0
175.7,13.2,0
190.6,12.2,0
206.2,20.6,0
183.7,7.8,0
217.8,17.7,1
205.5,13.4,0
216.0,19.2,1
188.1,11.2,0
210.7,16.6,0
183.4,18.2,0
210.4,15.3,0
221.6,15.9,1
221.4,12.4,1
192.0,13.1,0
186.8,13.9,0
197.5,15.8,0
223.6,10.8,1
179.6,9.2,0
177.3,12.4,0
169.3,16.5,0
201.4,12.9,0
174.5,13.2,0
217.9,16.0,1
224.6,15.0,1
197.9,15.6,0
235.9,16.3,1
203.5,13.8,0
192.4,11.4,0
192.2,10.4,0
221.5,10.0,1
211.9,17.0,1
169.5,10.0,0
171.8,17.1,0
178.0,13.4,0
191.1,16.2,0
180.5,16.5,0
188.5,14.5,0
187.7,16.1,0
183.2,15.9,0
231.8,18.2,1
221.3,10.8,1
226.7,15.5,1
225.2,13.5,1
198.9,13.2,0
201.7,13.4,0
186.1,18.8,0
202.2,10.8,0
185.0,14.5,0
176.0,13.0,0
188.5,17.6,0
213.1,12.0,1
201.5,14.2,0
209.0,17.8,0
200.3,17.8,0
186.2,14.5,0
207.8,15.0,0
201.4,16.8,0
219.7,14.7,1
220.3,12.6,1
195.6,10.6,0
201.8,15.5,0
186.6,11.6,0
187.1,15.7,0
191.4,11.8,0
207.4,15.6,0
192.2,13.2,0
223.2,12.8,1
207.1,21.1,0
196.0,14.1,0
215.2,19.0,1
189.0,9.6,0
190.3,12.7,0
220.2,18.6,1
180.4,13.3,0
197.8,16.9,0
194.3,9.9,0
189.0,14.7,0
214.8,13.4,1
212.9,16.5,1
210.2,12.0,0
200.3,12.1,0
209.6,16.5,0
170.0,14.9,0
193.9,18.3,0
200.6,11.3,0
191.2,16.5,0
202.8,14.2,0
235.7,10.1,1
201.7,15.0,0
206.2,12.4,0
203.0,14.0,0
182.0,9.3,0
177.7,10.9,0
175.7,17.9,0
204.2,16.8,0
169.4,12.6,0
209.6,16.3,0
197.0,11.4,0
206.8,11.4,0
180.1,13.5,0
223.3,14.0,1
199.1,11.0,0
171.6,14.0,0
218.5,17.4,1
180.9,18.1,0
181.7,12.3,0
182.0,13.6,0
195.3,11.0,0
208.8,14.3,0
208.4,8.5,0
237.8,16.4,1
190.0,15.7,0
193.1,15.1,0
179.5,16.6,0
183.5,11.0,0
216.8,17.9,1
192.5,16.4,0
206.8,13.6,0
200.5,18.3,0
184.2,15.8,0
187.6,15.3,0
171.9,14.7,0
197.0,15.9,0
201.2,17.2,0
195.4,8.6,0
214.9,10.9,1
180.1,15.0,0
200.7,14.8,0
184.9,11.8,0
205.7,16.3,0
186.5,9.4,0
212.2,17.6,1
209.6,17.2,0
205.0,13.0,0
203.9,14.5,0
204.3,13.2,0
205.0,13.9,0
208.0,17.0,0
194.7,16.6,0
183.2,15.0,0
199.3,9.3,0
207.7,20.2,0
207.7,16.1,0
226.0,14.0,1
192.5,19.5,0
178.8,12.0,0
191.8,12.2,0
193.7,19.8,0
187.9,16.0,0
184.4,15.2,0
198.0,16.1,0
199.0,16.6,0
184.4,13.5,0
182.8,10.8,0
205.5,18.8,0
207.1,15.8,0
187.7,17.5,0
197.4,12.2,0
207.4,16.0,0
202.0,9.2,0
223.4,12.6,1
179.9,14.5,0
176.6,14.7,0
210.8,18.9,0
205.3,10.7,0
191.8,14.6,0
216.3,15.8,1
190.3,18.1,0
207.7,9.7,0
197.3,16.6,0
188.4,16.5,0
193.6,8.3,0
217.6,18.2,1
194.2,20.0,0
222.6,13.4,1
202.3,20.1,0
196.2,15.6,0
184.9,8.7,0
210.1,14.1,0
203.1,17.0,0
198.8,16.0,0
201.5,18.5,0
198.2,14.7,0
182.1,9.7,0
209.8,18.7,0
227.9,14.0,1
225.5,21.5,1
201.6,15.3,0
196.2,16.8,0
201.3,11.5,0
190.7,7.7,0
204.2,15.5,0
205.6,15.4,0
182.0,14.4,0
195.1,15.1,0
213.1,16.5,1
213.5,15.2,1
181.1,19.2,0
216.4,15.8,1
195.7,18.8,0
199.6,18.2,0
197.6,19.8,0
168.3,15.8,0
206.3,19.2,0
175.9,15.0,0
212.5,13.9,1
180.5,11.9,0
215.9,12.3,1
203.5,9.4,0
209.1,20.9,0
189.2,16.8,0
172.9,20.3,0
185.3,13.4,0
204.8,11.2,0
206.9,15.3,0
187.1,14.1,0
219.9,18.4,1
199.7,14.4,0
175.4,14.0,0
204.0,22.0,0
188.4,9.5,0
212.3,14.1,1
203.4,17.1,0
202.3,13.4,0
195.7,13.5,0
216.8,18.9,1
186.4,21.5,0
205.0,18.1,0
200.6,13.0,0
184.5,20.3,0
198.9,17.3,0
185.8,16.7,0
230.6,10.2,1
215.2,13.8,1
175.5,18.4,0
193.2,14.0,0
209.1,16.5,0
217.6,15.4,1
213.1,16.2,1
228.6,14.2,1
202.0,17.9,0
219.2,20.2,1
182.6,10.3,0
213.1,14.2,1
196.9,17.2,0
197.8,18.8,0
220.7,12.8,1
214.5,15.5,1
197.5,8.0,0
238.3,13.6,1
218.9,21.1,1
193.4,15.0,0
163.7,9.1,0
204.2,17.7,0
194.1,14.7,0
190.6,16.6,0
192.6,16.2,0
202.3,15.7,0
219.7,12.6,1
185.3,10.1,0
198.9,15.3,0
197.0,17.7,0
187.6,12.5,0
204.2,12.7,0
226.6,16.4,1
209.2,20.7,0
201.1,20.2,0
193.4,11.8,0
200.7,16.9,0
174.2,15.5,0
199.1,16.3,0
197.1,14.7,0
207.2,13.5,0
214.2,18.5,1
211.2,12.2,0
198.0,15.9,0
192.2,20.0,0
190.6,15.0,0
188.3,16.8,0
190.8,18.7,0
198.2,12.5,0
181.7,11.9,0
206.6,12.3,0
198.4,21.1,0
187.5,13.9,0
190.4,15.2,0
212.6,13.2,1
213.6,12.6,1
235.8,13.7,1
208.5,18.5,0
189.9,16.0,0
189.2,16.6,0
205.8,13.7,0
212.1,17.2,1
221.1,16.2,1
186.9,11.0,0
201.5,16.4,0
182.6,11.9,0
205.7,17.8,0
184.8,15.0,0
221.8,12.3,1
188.3,16.5,0
209.1,12.2,0
202.3,16.1,0
200.7,10.4,0
172.9,15.8,0
198.6,16.4,0
185.3,12.1,0
191.2,12.0,0
207.3,12.3,0
240.8,11.5,1
228.5,15.3,1
207.7,13.4,0
205.8,12.3,0
194.7,15.5,0
185.0,10.8,0
206.6,15.8,0
193.3,18.8,0
226.3,22.0,1
232.2,12.4,1
232.1,12.4,1
190.5,11.0,0
192.4,20.0,0
181.8,20.4,0
209.7,20.0,0
187.2,13.1,0
190.9,20.2,0
186.7,14.3,0
191.6,9.7,0
224.8,9.6,1
163.0,16.5,0
207.9,10.6,0
187.9,17.6,0
235.2,18.1,1
212.4,20.4,1
184.7,13.6,0
190.8,12.3,0
191.5,12.7,0
217.3,14.7,1
225.4,13.0,1
202.3,14.5,0
197.9,18.4,0
215.7,14.4,1
200.4,12.3,0
207.0,15.1,0
203.3,11.4,0
188.2,14.9,0
220.4,18.9,1
191.1,12.9,0
229.1,12.4,1
217.7,14.4,1
202.9,21.4,0
181.3,14.9,0
225.1,11.3,1
204.7,16.8,0
213.4,16.8,1
222.2,19.4,1
183.2,15.9,0
205.5,11.3,0
194.3,11.0,0
204.8,13.9,0
206.9,18.8,0
175.0,12.4,0
196.6,16.2,0
201.3,13.3,0
181.2,16.2,0
189.0,19.4,0
201.9,15.7,0
210.3,13.1,0
197.8,16.3,0
189.5,21.6,0
184.9,13.8,0
194.6,16.1,0
188.0,17.9,0
208.9,18.0,0
203.8,17.3,0
190.2,16.1,0
203.4,19.4,0
235.0,18.6,1
211.3,13.6,0
203.8,16.4,0
210.8,16.1,0
219.0,13.8,1
177.2,9.0,0
193.6,17.7,0
190.7,13.6,0
190.3,14.1,0
231.7,16.0,1
207.7,12.3,0
216.7,16.4,1
204.5,19.2,0
241.3,15.7,1
169.8,18.6,0
192.7,13.0,0
193.4,16.6,0
194.8,14.8,0
213.7,8.8,1
201.4,18.4,0
209.8,14.9,0
215.6,16.3,1
203.4,14.4,0
210.9,14.2,0
193.4,14.2,0
190.3,13.7,0
186.7,14.1,0
201.3,13.2,0
185.7,13.1,0
184.0,11.5,0
209.8,23.2,0
186.0,13.0,0
208.5,15.8,0
195.2,11.3,0
191.3,14.7,0
213.6,12.2,1
214.9,12.9,1
203.2,12.9,0
221.2,15.7,1
174.8,12.9,0
216.2,19.7,1
187.9,15.4,0
196.5,9.3,0
205.4,16.1,0
189.6,20.6,0
199.4,15.9,0
193.6,16.5,0
196.6,14.1,0
231.6,16.9,1
172.2,17.9,0
196.8,15.7,0
205.9,19.0,0
183.0,18.9,0
197.5,16.3,0
204.5,12.5,0
205.4,13.5,0
212.3,15.8,1
216.5,14.6,1
195.0,12.5,0
201.3,17.6,0
178.7,13.6,0
199.2,11.9,0
178.2,16.5,0
200.2,13.1,0
212.4,12.1,0
206.2,15.3,0
201.4,23.4,0
212.1,13.5,0
216.1,14.9,1
187.6,13.9,0
217.8,15.1,1
188.7,10.8,0
193.3,14.2,0
210.9,18.1,0
202.7,11.0,0
199.7,19.5,0
202.6,9.9,0
219.7,17.7,1
201.0,17.9,0
211.2,18.3,0
210.8,15.4,0
231.3,16.0,1
220.7,17.2,1
210.6,10.9,0
210.8,16.7,0
202.5,12.5,0
197.6,15.0,0
199.8,19.2,0
200.4,16.7,0
193.3,12.5,0
193.8,19.8,0
199.0,11.2,0
195.1,12.5,0
197.1,17.9,0
197.5,12.8,0
213.6,17.1,1
211.9,17.0,1
215.4,15.4,1
218.7,17.0,1
189.2,13.5,0
200.4,12.9,0
204.5,14.6,0
206.6,15.0,0
207.7,12.2,0
221.3,9.2,1
191.8,18.5,0
203.5,17.8,0
181.7,15.3,0
206.3,12.6,0
176.1,23.1,0
205.4,18.2,0
218.6,10.6,1
209.3,16.8,0
184.0,14.2,0
188.4,20.1,0
209.3,16.7,0
198.3,11.6,0
167.3,11.4,0
221.3,11.0,1
202.8,15.5,0
178.6,10.0,0
203.5,6.8,0
233.2,13.5,1
197.8,11.3,0
197.6,13.9,0
190.4,8.5,0
209.7,14.6,0
203.8,15.0,0
212.2,11.6,0
189.1,9.3,0
210.9,14.8,0
182.3,18.4,0
207.4,7.5,0
188.1,15.0,0
200.6,7.2,0
176.6,16.8,0
201.5,13.1,0
199.7,14.9,0
177.1,10.9,0
226.0,18.5,1
209.3,17.5,0
183.7,19.5,0
184.9,11.8,0
196.3,17.3,0
191.5,27.2,0
198.6,10.6,0
167.5,14.6,0
225.4,13.2,1
189.2,11.5,0
218.2,16.9,1
197.5,16.3,0
236.7,9.8,1
212.9,14.1,1
215.9,9.6,1
217.9,7.8,1
201.3,16.8,0
202.3,17.5,0
198.1,13.0,0
205.4,12.0,0
201.1,15.2,0
205.4,16.8,0
188.1,22.7,0
193.8,16.1,0
208.3,20.5,0
200.3,19.3,0
207.3,10.4,0
210.1,10.3,0
213.3,15.6,1
207.4,16.0,0
196.5,11.0,0
187.0,12.8,0
217.4,13.7,1
189.6,13.3,0
200.0,17.6,0
224.3,15.8,1
188.1,18.3,0
195.9,14.0,0
201.8,12.3,0
173.2,15.9,0
184.0,20.8,0
218.8,19.6,1
206.8,16.7,0
212.4,9.8,0
203.8,12.7,0
170.7,13.2,0
184.7,18.0,0
166.6,23.4,0
209.6,12.6,0
240.7,13.6,1
176.5,17.2,0
216.1,16.9,1
216.3,12.8,1
202.8,16.4,0
179.4,20.6,0
187.0,10.6,0
169.7,14.3,0
198.1,14.8,0
203.3,20.2,0
212.3,16.3,1
196.9,13.7,0
187.3,10.2,0
189.6,12.9,0
198.0,12.7,0
204.5,11.4,0
220.9,12.1,1
230.7,16.3,1
199.9,14.8,0
183.8,12.2,0
218.4,14.3,1
238.4,15.8,1
188.7,12.3,0
192.5,12.5,0
198.2,16.0,0
200.3,16.3,0
189.9,12.8,0
179.2,14.8,0
209.2,17.1,0
198.0,16.4,0
216.9,11.0,1
208.2,14.3,0
215.3,13.2,1
200.9,12.9,0
210.5,12.6,0
189.1,10.3,0
207.5,21.7,0
215.2,14.8,1
219.9,18.9,1
195.6,15.5,0
209.0,7.1,0
219.6,16.2,1
176.7,21.2,0
194.7,15.0,0
208.8,13.5,0
195.8,13.6,0
190.2,14.3,0
206.6,19.3,0
193.0,13.5,0
201.2,11.3,0
176.9,16.5,0
193.1,19.8,0
204.4,11.3,0
198.7,22.2,0
199.5,13.7,0
204.9,19.4,0
216.6,15.8,1
196.5,17.6,0
199.8,16.1,0
201.3,14.6,0
193.0,8.4,0
188.4,6.3,0
212.8,15.5,1
182.7,14.3,0
209.1,16.8,0
197.0,9.8,0
195.1,12.9,0
205.0,14.4,0
207.3,18.4,0
184.6,17.9,0
199.6,10.7,0
193.5,12.1,0
189.0,16.3,0
168.8,15.8,0
212.9,15.8,1
213.5,19.4,1
182.6,16.4,0
198.5,17.4,0
181.8,17.7,0
194.8,13.8,0
190.5,10.8,0
220.4,21.0,1
179.5,15.7,0
173.3,12.7,0
194.8,12.4,0
195.7,17.3,0
229.5,10.1,1
188.6,9.0,0
222.2,11.9,1
207.6,21.8,0
224.8,17.7,1
204.2,18.2,0
175.8,14.1,0
186.1,16.3,0
208.2,15.9,0
186.8,14.5,0
235.9,14.8,1
172.6,14.4,0
190.6,13.6,0
207.1,15.0,0
200.3,13.3,0
193.0,14.3,0
221.8,13.4,1
201.2,13.9,0
216.2,16.7,1
193.7,18.0,0
215.6,14.2,1
203.5,16.4,0
175.7,15.8,0
181.8,16.4,0
216.9,15.1,1
200.0,14.3,0
217.2,13.9,1
210.9,14.7,0
183.2,15.0,0
182.2,11.2,0
198.5,12.8,0
202.5,10.3,0
189.6,12.3,0
207.7,15.3,0
196.8,16.3,0
188.6,9.5,0
203.8,17.4,0
190.4,16.6,0
178.2,22.8,0
223.6,18.9,1
170.5,10.5,0
175.1,13.4,0
212.4,22.4,1
204.0,7.9,0
191.5,16.7,0
229.1,19.8,1
194.1,17.6,0
198.3,14.4,0
200.2,17.5,0
209.2,16.6,0
210.4,14.2,0
220.4,16.8,1
193.0,14.2,0
199.3,18.6,0
195.5,16.5,0
180.1,13.4,0
195.1,17.5,0
205.0,10.4,0
201.7,13.9,0
221.4,22.0,1
203.0,15.5,0
185.1,16.6,0
192.3,15.9,0
187.8,14.1,0
191.0,13.7,0
198.7,13.0,0
211.4,17.3,0
213.0,13.7,1
186.3,17.1,0
206.3,19.5,0
199.0,15.4,0
194.7,14.7,0
190.0,14.6,0
189.0,13.6,0
192.0,13.7,0
215.7,16.9,1
214.1,12.0,1
212.4,16.7,1
165.9,12.4,0
218.7,15.2,1
204.6,8.5,0
213.0,17.4,1
197.4,20.3,0
202.8,13.3,0
220.0,14.1,1
215.2,16.4,1
186.1,19.9,0
188.1,17.4,0
206.7,10.8,0
203.0,15.0,0
186.7,18.9,0
199.1,19.8,0
189.8,15.8,0
208.8,14.6,0
234.1,15.2,1
186.4,15.7,0
206.6,15.8,0
206.3,13.1,0
197.0,13.1,0
194.3,19.6,0
194.8,11.4,0
178.0,12.9,0
170.4,18.5,0
187.1,12.3,0
190.9,13.4,0
211.2,15.1,0
183.5,10.8,0
192.1,25.7,0
216.1,10.0,1
211.9,18.2,1
207.2,19.7,0
216.6,13.2,1
239.8,14.2,1
198.5,12.6,0
209.2,12.4,0
198.1,17.6,0
197.3,12.9,0
186.5,9.7,0
225.4,15.4,1
202.9,15.6,0
223.0,16.0,1
205.8,9.3,0
187.0,22.3,0
200.3,17.6,0
209.7,12.1,0
203.3,11.6,0
172.8,14.1,0
200.3,18.9,0
194.2,17.4,0
193.8,12.9,0
179.5,15.6,0
228.3,19.6,1
214.8,15.2,1
187.6,10.4,0
196.7,13.1,0
219.4,11.8,1
175.6,12.8,0
223.6,15.8,1
205.4,18.2,0
207.1,13.3,0
197.6,16.3,0
206.6,18.0,0
229.4,14.6,1
201.7,9.7,0
189.7,11.6,0
192.2,16.0,0
215.7,12.2,1
204.2,10.4,0
203.5,8.9,0
191.8,21.2,0
221.2,10.1,1
202.0,16.6,0
187.9,19.9,0
173.8,17.1,0
181.6,17.0,0
206.1,12.8,0
186.8,11.5,0
169.5,18.1,0
187.4,15.3,0
197.8,16.2,0
208.9,14.0,0
162.0,15.3,0
199.2,19.8,0
213.5,10.0,1
187.0,18.7,0
191.3,15.1,0
203.0,19.6,0
185.1,17.6,0
186.3,13.4,0
198.3,19.1,0
202.7,18.3,0
208.6,14.4,0
200.2,11.4,0
200.0,13.4,0
203.7,15.5,0
186.9,13.5,0
168.5,18.7,0
186.5,14.1,0
192.7,21.2,0
187.7,19.5,0
182.9,19.5,0
215.9,16.3,1
187.5,17.5,0
194.5,17.1,0
208.6,12.9,0
206.6,18.4,0
189.1,18.4,0
186.7,22.0,0
199.0,16.5,0
189.6,16.5,0
198.0,17.3,0
187.1,9.0,0
206.2,16.4,0
178.8,16.1,0
196.8,13.5,0
204.4,14.2,0
204.4,10.2,0
236.3,8.9,1
196.6,14.6,0
202.2,19.5,0
198.6,12.0,0
228.6,17.9,1
215.1,14.4,1
229.0,15.1,1
191.4,17.3,0
202.5,14.0,0
200.8,14.4,0
182.7,12.0,0
205.2,17.6,0
185.2,16.1,0
215.8,19.9,1
196.9,13.9,0
177.2,18.5,0
191.6,12.9,0
200.7,21.2,0
226.2,14.7,1
213.0,14.8,1
201.4,16.1,0
213.1,20.8,1
202.6,17.9,0
186.7,19.0,0
206.2,17.9,0
212.9,17.6,1
245.8,15.5,1
204.4,13.1,0
192.8,19.2,0
214.0,17.3,1
210.3,14.5,0
223.7,12.4,1
211.3,9.5,0
174.4,11.8,0
199.1,12.3,0
219.3,15.2,1
225.6,11.1,1
187.5,12.1,0
196.8,15.4,0
209.8,17.1,0
193.9,8.7,0
196.1,12.7,0
213.7,12.2,1
215.2,14.9,1
217.1,19.0,1
207.6,14.6,0
184.9,11.3,0
197.9,14.7,0
185.2,13.0,0
192.4,19.5,0
208.6,14.0,0
202.5,15.9,0
233.2,11.0,1
204.0,10.1,0
206.1,9.4,0
199.6,14.6,0
211.6,11.8,0
225.0,20.5,1
202.5,13.4,0
222.9,16.3,1
198.5,13.6,0
216.2,16.4,1
198.8,14.4,0
198.5,11.3,0
169.7,12.4,0
173.0,14.7,0
198.2,11.5,0
211.3,13.5,0
199.4,17.5,0
187.3,13.8,0
185.6,15.2,0
211.3,14.3,0
184.7,11.8,0
212.5,10.9,0
210.4,17.5,0
222.5,18.0,1
236.9,11.3,1
196.2,17.6,0
198.3,15.2,0
221.7,16.4,1
199.3,21.1,0
176.6,8.8,0
188.5,13.6,0
205.8,15.9,0
181.8,17.6,0
230.3,11.7,1
219.5,17.0,1
186.0,15.5,0
187.2,19.5,0
202.0,13.3,0
193.6,17.1,0
198.5,14.9,0
210.2,12.4,0
197.1,13.0,0
221.4,12.9,1
213.0,14.6,1
215.3,15.6,1
182.7,13.3,0
178.5,17.7,0
199.7,14.1,0
226.9,18.6,1
218.2,15.7,1
211.2,15.4,0
218.7,13.8,1
183.4,17.8,0
178.4,9.3,0
219.5,16.6,1
190.9,17.2,0
188.0,17.6,0
209.1,15.6,0
196.3,24.0,0
198.2,15.5,0
205.1,9.1,0
202.6,15.0,0
175.6,15.6,0
193.0,12.6,0
210.9,19.9,0
189.7,14.2,0
195.2,11.9,0
195.6,15.5,0
161.7,15.5,0
201.5,16.5,0
190.8,7.1,0
208.8,12.5,0
203.9,16.2,0
188.1,18.5,0
207.0,15.9,0
192.7,12.6,0
189.7,14.6,0
178.1,17.9,0
206.6,17.3,0
197.7,17.2,0
192.3,19.0,0
176.5,19.6,0
216.5,11.6,1
195.8,13.0,0
205.1,18.8,0
204.6,10.4,0
179.4,18.0,0
210.3,10.5,0
196.2,18.4,0
197.0,15.4,0
170.9,15.5,0
218.4,16.1,1
201.5,12.2,0
196.8,19.0,0
189.6,18.6,0
199.1,9.1,0
209.6,20.7,0
198.8,12.2,0
207.1,10.9,0
183.6,11.3,0
172.5,17.1,0
188.3,5.1,0
194.6,13.4,0
184.4,13.2,0
198.9,13.7,0
196.0,10.6,0
171.7,14.9,0
211.1,15.2,0
196.6,13.5,0
182.7,18.3,0
177.2,12.0,0
234.2,14.3,1
192.6,16.2,0
168.0,10.2,0
178.1,8.6,0
201.2,15.6,0
188.9,17.6,0
196.3,20.3,0
199.3,14.8,0
199.5,15.1,0
199.4,12.8,0
197.3,16.0,0
224.2,11.2,1
194.6,16.7,0
216.6,14.7,1
203.1,12.5,0
214.3,16.4,1
208.4,17.1,0
217.1,21.8,1
238.1,15.5,1
198.8,14.2,0
206.7,15.9,0
228.4,16.0,1
203.6,15.1,0
160.3,22.6,0
193.3,19.0,0
194.6,17.9,0
202.0,15.5,0
190.3,15.5,0
234.8,13.5,1
232.8,10.3,1
175.6,14.9,0
186.1,15.0,0
215.9,13.7,1
187.8,18.3,0
193.8,16.2,0
188.2,15.6,0
221.1,16.4,1
198.9,11.4,0
218.8,14.1,1
191.3,12.0,0
212.0,18.0,1
196.0,13.1,0
202.9,11.1,0
193.6,15.9,0
196.1,18.7,0
198.6,11.0,0
203.8,18.2,0
211.8,14.5,0
185.7,13.0,0
180.2,19.4,0
218.9,18.6,1
230.6,11.4,1
214.4,18.7,1
219.6,15.8,1
194.4,15.9,0
209.2,12.6,0
206.5,13.9,0
202.6,19.8,0
187.3,13.1,0
175.7,19.3,0
218.7,23.3,1
211.7,12.9,0
190.1,16.7,0
205.3,18.2,0
193.2,15.5,0
214.0,10.2,1
208.0,15.4,0
223.3,17.0,1
202.0,17.7,0
198.8,12.1,0
200.6,16.2,0
242.0,16.1,1
210.3,19.9,0
201.7,18.3,0
213.6,16.2,1
196.5,19.6,0
205.4,17.1,0
215.3,13.7,1
161.2,16.5,0
180.2,15.1,0
181.4,16.7,0
194.9,21.5,0
194.8,13.5,0
206.8,17.4,0
210.1,19.7,0
222.1,21.8,1
195.2,18.3,0
194.1,14.0,0
192.9,12.3,0
186.6,12.4,0
203.0,7.8,0
181.7,16.3,0
217.3,14.3,1
204.0,14.8,0
212.3,13.8,1
224.3,15.2,1
166.0,13.7,0
198.0,14.8,0
191.0,14.5,0
206.9,16.0,0
212.6,19.8,1
206.5,16.8,0
202.1,15.6,0
197.5,11.5,0
213.9,14.5,1
200.4,19.3,0
225.5,14.6,1
192.4,20.9,0
227.4,18.2,1
182.3,11.7,0
204.1,14.3,0
201.2,16.6,0
189.5,18.0,0
179.7,14.4,0
214.0,13.6,1
200.0,18.6,0
214.3,17.4,1
226.8,20.1,1
210.2,13.4,0
214.5,11.0,1
194.3,18.4,0
221.4,16.9,1
223.0,14.3,1
208.6,12.0,0
196.7,12.4,0
200.8,13.3,0
202.3,9.4,0
207.0,18.3,0
199.9,17.2,0
195.7,13.4,0
197.5,12.5,0
200.1,14.9,0
218.4,23.1,1
186.1,16.1,0
171.0,15.7,0
177.3,12.2,0
203.4,12.4,0
204.2,19.8,0
217.6,13.6,1
237.3,16.1,1
197.6,14.6,0
215.9,14.2,1
191.3,13.6,0
216.6,17.2,1
204.3,11.4,0
182.1,18.0,0
204.9,15.0,0
207.9,10.6,0
205.9,12.2,0
195.9,13.7,0
222.2,12.1,1
217.2,11.4,1
210.4,16.2,0
189.6,20.1,0
194.2,15.6,0
212.4,13.0,1
225.7,13.8,1
215.6,14.5,1
197.4,15.9,0
202.5,20.9,0
218.6,16.2,1
180.6,18.5,0
179.1,16.0,0
215.9,15.6,1
202.2,13.7,0
186.0,13.9,0
197.3,18.6,0
194.9,17.7,0
207.7,18.5,0
198.2,15.6,0
206.7,13.7,0
223.9,19.0,1
203.0,12.1,0
198.5,12.9,0
192.4,15.7,0
193.0,15.7,0
198.5,11.8,0
215.4,14.4,1
211.9,12.6,0
177.9,23.4,0
228.2,15.1,1
191.8,19.5,0
191.9,15.6,0
197.5,16.7,0
230.9,13.8,1
209.6,17.6,0
203.5,20.6,0
191.3,17.3,0
202.7,13.8,0
234.2,12.8,1
213.1,18.5,1
193.4,12.1,0
194.9,13.3,0
209.1,17.4,0
214.5,16.5,1
182.8,11.2,0
205.9,14.5,0
210.8,15.4,0
218.9,18.1,1
181.9,14.9,0
234.6,11.6,1
193.9,20.9,0
193.4,18.7,0
192.5,12.9,0
208.8,15.8,0
186.1,18.7,0
226.1,10.8,1
193.1,16.6,0
201.9,13.3,0
183.2,12.6,0
192.2,14.4,0
169.8,14.5,0
199.6,13.6,0
198.5,10.2,0
173.6,13.2,0
197.2,14.2,0
207.6,12.8,0
220.3,14.1,1
186.4,16.5,0
172.7,18.4,0
198.2,13.0,0
226.9,15.0,1
195.2,14.7,0
192.9,18.4,0
216.3,14.0,1
194.3,16.2,0
194.6,13.4,0
189.8,10.5,0
201.7,15.8,0
199.7,10.1,0
202.4,17.4,0
201.5,14.8,0
176.6,12.3,0
209.7,14.0,0
179.1,10.7,0
195.5,11.7,0
218.8,14.8,1
208.9,21.6,0
223.0,13.1,1
192.8,17.7,0
191.7,9.9,0
217.6,16.3,1
202.3,11.9,0
231.2,18.5,1
186.2,10.6,0
211.0,19.2,0
209.5,16.8,0
217.9,7.6,1
209.4,12.7,0
210.7,13.5,0
202.6,11.5,0
214.8,17.1,1
193.1,20.3,0
214.0,19.5,1
228.3,22.8,1
189.7,8.9,0
210.8,10.1,0
206.6,14.5,0
186.0,18.2,0
201.7,17.5,0
213.6,14.9,1
211.6,15.8,0
187.1,16.0,0
204.2,23.1,0
207.2,19.6,0
213.9,15.4,1
200.9,12.4,0
191.7,8.6,0
216.8,17.2,1
183.9,14.7,0
190.5,18.9,0
211.6,17.8,1
205.0,13.7,0
202.3,19.3,0
188.0,23.2,0
213.8,11.0,1
208.7,15.3,0
229.3,15.4,1
210.5,17.4,0
179.2,20.7,0
201.6,13.1,0
198.7,16.5,0
197.6,7.6,0
197.0,16.6,0
202.5,15.9,0
188.9,16.8,0
176.2,13.6,0
206.1,19.5,0
216.4,15.5,1
206.9,10.7,0
204.4,13.1,0
188.5,17.1,0
212.9,17.5,1
170.5,13.5,0
230.5,14.8,1
191.7,13.6,0
210.7,9.2,0
193.1,14.9,0
201.6,12.0,0
194.9,12.4,0
170.0,13.8,0
209.4,12.3,0
184.0,11.8,0
182.8,17.5,0
192.7,10.5,0
195.7,12.5,0
205.3,12.7,0
192.3,17.5,0
240.2,17.5,1
176.9,20.6,0
195.1,13.9,0
207.3,14.7,0
216.3,12.5,1
209.4,12.8,0
212.7,20.4,1
189.6,12.0,0
208.9,15.6,0
219.5,15.6,1
207.4,15.2,0
235.9,13.4,1
199.1,19.4,0
195.0,18.1,0
174.2,13.8,0
193.4,20.9,0
207.7,17.8,0
213.4,15.5,1
221.0,10.4,1
203.3,16.6,0
191.5,17.1,0
180.2,15.7,0
197.3,14.7,0
184.6,15.1,0
197.0,15.9,0
179.2,15.9,0
194.7,17.2,0
190.5,11.5,0
215.3,15.4,1
182.5,13.8,0
174.7,16.6,0
211.8,9.7,0
222.6,15.9,1
211.6,15.7,0
197.9,16.7,0
187.1,21.6,0
196.9,9.6,0
194.1,16.0,0
182.0,12.7,0
200.2,19.4,0
219.3,15.3,1
212.8,16.3,1
205.3,13.4,0
199.1,12.0,0
185.3,16.1,0
216.4,16.7,1
178.4,11.0,0
167.9,15.7,0
199.1,14.9,0
193.7,15.5,0
194.7,14.3,0
210.9,13.7,0
208.1,11.5,0
210.0,13.5,0
216.4,16.4,1
181.0,20.8,0
226.2,16.5,1
187.2,9.5,0
204.6,18.3,0
228.1,16.1,1
224.4,18.8,1
221.2,20.8,1
199.7,18.8,0
178.1,16.0,0
184.0,15.0,0
195.2,18.1,0
189.7,13.9,0
189.2,14.7,0
196.5,18.1,0
190.4,17.9,0
192.3,13.4,0
201.4,17.5,0
185.1,12.3,0
210.8,13.4,0
214.2,16.9,1
193.1,21.6,0
200.1,18.4,0
222.8,15.7,1
212.0,10.0,0
224.3,13.6,1
211.6,15.6,0
215.5,16.2,1
191.5,14.2,0
199.6,9.9,0
188.6,13.2,0
201.3,14.6,0
208.2,12.6,0
203.5,16.6,0
177.5,12.0,0
188.2,14.4,0
182.3,13.7,0
204.7,9.1,0
194.1,13.8,0
204.0,14.7,0
168.9,18.1,0
201.5,16.9,0
184.7,15.4,0
210.7,14.1,0
211.6,16.3,0
208.3,15.9,0
214.1,9.3,1
212.2,11.0,0
192.2,8.3,0
178.3,18.2,0
210.7,6.8,0
204.8,21.4,0
165.8,17.0,0
174.3,14.7,0
180.6,17.2,0
198.8,12.1,0
179.0,12.6,0
209.8,16.1,0
192.4,13.6,0
223.2,14.6,1
206.4,12.9,0
198.0,13.5,0
206.3,15.1,0
186.0,19.2,0
221.7,15.4,1
215.8,13.3,1
203.7,16.7,0
229.0,12.7,1
178.0,14.1,0
212.1,21.9,1
218.1,12.3,1
207.5,16.1,0
197.7,14.0,0
169.1,13.3,0
216.3,14.1,1
193.6,9.0,0
198.9,11.7,0
214.8,17.1,1
214.8,14.2,1
182.7,11.1,0
185.2,9.5,0
189.4,13.5,0
210.3,14.1,0
216.2,14.7,1
207.5,18.8,0
193.4,12.9,0
197.8,14.8,0
220.8,15.4,1
183.1,9.4,0
211.7,17.3,1
198.4,13.4,0
207.3,15.8,0
200.4,14.1,0
215.5,17.9,1
208.0,15.4,0
201.1,17.1,0
234.0,16.3,1
218.8,13.9,1
204.1,12.0,0
211.6,10.7,0
201.8,6.9,0
189.6,16.2,0
174.2,12.2,0
231.0,18.8,1
193.4,15.4,0
208.8,18.7,0
219.0,17.5,1
193.4,15.2,0
195.8,13.6,0
207.8,16.5,0
207.9,14.2,0
200.5,10.8,0
184.2,12.8,0
219.3,14.7,1
211.4,16.0,0
202.7,11.3,0
212.1,12.8,0
160.0,18.0,0
201.0,12.2,0
193.7,12.0,0
170.6,19.1,0
208.2,15.9,0
185.2,11.7,0
221.2,16.8,1
197.9,14.1,0
210.0,14.8,0
191.3,13.3,0
212.3,13.9,1
221.3,18.3,1
176.4,18.5,0
209.3,22.7,0
175.3,11.7,0
198.3,18.3,0
203.9,15.4,0
183.6,16.3,0
195.0,13.4,0
222.5,17.2,1
213.4,12.5,1
215.5,18.9,1
224.5,11.6,1
195.3,13.7,0
215.0,14.8,1
191.0,11.3,0
218.7,17.5,1
183.1,19.5,0
187.5,16.4,0
226.2,12.5,1
209.1,10.7,0
204.9,22.2,0
197.3,24.0,0
194.3,18.0,0
198.9,18.1,0
198.7,17.4,0
210.2,12.9,0
225.5,15.9,1
187.4,14.0,0
202.7,15.4,0
212.2,21.5,1
195.9,13.5,0
212.3,13.1,0
179.3,11.2,0
234.5,15.6,1
205.1,13.1,0
199.3,10.0,0
189.3,13.6,0
196.0,14.8,0
211.1,15.2,0
235.9,14.5,1
180.5,12.7,0
198.5,15.3,0
183.2,15.3,0
181.8,12.1,0
201.3,15.3,0
192.5,17.3,0
205.0,13.0,0
210.4,13.1,0
181.2,13.2,0
192.0,17.2,0
195.9,10.0,0
167.5,14.7,0
196.1,10.5,0
180.9,16.4,0
196.7,14.6,0
199.3,18.1,0
171.9,12.7,0
183.3,17.7,0
205.9,13.1,0
213.3,13.1,1
228.4,12.6,1
205.3,13.9,0
190.2,14.7,0
186.2,12.0,0
180.9,13.5,0
215.4,17.7,1
179.6,15.2,0
188.4,19.1,0
198.1,16.7,0
219.1,16.0,1
209.2,15.1,0
197.9,17.1,0
209.5,15.1,0
228.8,16.3,1
195.0,17.0,0
217.1,12.9,1
209.2,20.8,0
218.7,17.1,1
202.2,11.0,0
189.7,19.1,0
184.3,11.5,0
197.1,17.8,0
184.8,11.4,0
178.5,11.2,0
235.1,15.3,1
186.1,19.1,0
192.7,15.2,0
202.0,13.6,0
227.0,11.6,1
210.0,18.4,0
220.9,16.5,1
202.6,13.4,0
200.5,14.5,0
203.2,18.6,0
218.4,19.3,1
186.6,16.6,0
191.1,14.8,0
214.0,13.2,1
221.0,13.1,1
178.2,20.0,0
192.7,15.5,0
207.5,16.0,0
209.1,20.2,0
217.8,9.1,1
221.7,20.8,1
193.8,12.2,0
216.7,10.8,1
187.0,11.3,0
215.9,10.5,1
197.4,17.5,0
206.7,16.8,0
211.8,18.1,1
213.3,11.9,1
205.7,16.7,0
204.9,16.1,0
181.1,14.4,0
206.8,18.3,0
190.3,12.8,0
192.6,8.2,0
206.1,18.2,0
223.8,17.3,1
214.8,13.5,1
198.9,15.0,0
197.2,14.8,0
189.3,13.9,0
200.8,16.1,0
165.2,15.3,0
198.2,14.1,0
190.3,14.7,0
197.5,10.7,0
177.3,12.9,0
193.8,13.0,0
222.4,14.7,1
202.9,15.3,0
183.2,17.2,0
193.2,14.4,0
202.0,13.1,0
165.7,17.8,0
235.4,17.0,1
203.9,14.7,0
203.9,12.2,0
211.7,19.0,1
208.4,13.2,0
221.6,16.3,1
225.5,12.4,1
187.8,16.8,0
170.9,14.0,0
174.6,16.8,0
233.0,13.8,1
183.8,20.1,0
222.6,14.9,1
184.0,15.6,0
219.5,16.8,1
219.3,19.9,1
203.5,14.3,0
190.4,12.4,0
217.3,14.9,1
191.7,10.1,0
223.4,10.8,1
191.2,20.8,0
220.8,15.4,1
189.6,15.1,0
188.9,12.8,0
210.6,9.9,0
200.3,18.5,0
209.6,15.6,0
241.8,11.8,1
186.2,13.4,0
194.8,12.9,0
202.1,16.2,0
184.2,19.2,0
175.2,11.0,0
186.2,15.9,0
211.1,13.7,0
189.4,11.6,0
189.5,12.3,0
207.3,20.1,0
184.9,10.2,0
213.8,14.4,1
229.0,14.7,1
204.3,13.4,0
206.7,17.4,0
189.3,16.9,0
204.3,18.2,0
207.2,20.0,0
181.0,18.4,0
185.6,16.4,0
187.9,9.8,0
203.2,13.4,0
192.1,16.7,0
202.9,16.6,0
192.7,11.4,0
216.5,13.5,1
197.3,17.2,0
184.8,14.1,0
224.5,15.9,1
231.0,15.9,1
211.6,14.6,0
207.0,17.2,0
199.6,13.5,0
206.7,14.8,0
183.9,14.6,0
182.7,11.2,0
208.8,9.6,0
182.2,13.5,0
227.3,8.9,1
188.2,19.6,0
208.2,17.4,0
181.4,15.6,0
199.7,15.8,0
206.3,10.7,0
193.6,22.5,0
190.5,18.0,0
196.0,14.8,0
219.6,16.6,1
215.2,11.2,1
216.6,13.7,1
215.6,15.6,1
222.8,11.2,1
212.2,11.5,0
165.8,12.4,0
209.6,13.9,0
206.8,19.0,0
196.7,16.2,0
177.9,16.2,0
189.8,10.2,0
195.0,13.5,0
213.1,10.9,1
210.8,15.8,0
182.6,13.6,0
209.1,18.7,0
171.2,14.6,0
193.6,12.6,0
199.8,18.5,0
211.2,14.9,0
196.1,11.6,0
208.4,10.0,0
204.4,14.6,0
207.3,16.3,0
209.9,15.4,0
195.8,13.0,0
213.2,15.0,1
223.3,12.1,1
197.6,12.3,0
166.1,9.3,0
209.9,14.1,0
200.3,16.9,0
207.2,14.5,0
188.1,14.7,0
193.1,20.0,0
200.9,20.4,0
197.4,13.2,0
199.2,15.5,0
192.6,21.6,0
198.0,11.3,0
210.3,10.1,0
208.1,12.8,0
181.0,13.6,0
203.2,19.4,0
189.1,12.2,0
205.6,11.7,0
217.9,24.4,1
212.3,13.5,1
190.1,16.1,0
201.4,16.0,0
205.8,17.6,0
206.8,15.4,0
187.2,12.3,0
207.9,15.5,0
204.8,16.6,0
185.7,14.7,0
205.4,14.4,0
193.3,18.4,0
186.5,11.8,0
194.0,17.3,0
185.7,15.9,0
189.2,17.2,0
222.2,13.8,1
180.6,17.3,0
211.7,16.1,0
207.0,13.4,0
222.8,10.3,1
230.0,8.5,1
197.8,14.6,0
204.7,12.5,0
201.0,13.6,0
183.5,12.7,0
193.4,14.5,0
241.5,14.7,1
206.4,17.8,0
176.7,12.3,0
209.5,16.4,0
215.8,11.6,1
210.6,6.9,0
178.1,16.3,0
204.0,11.9,0
175.5,18.6,0
196.3,12.9,0
160.0,13.9,0
172.4,10.5,0
205.0,17.0,0
216.5,16.9,1
198.3,16.0,0
210.3,16.9,0
228.3,11.1,1
184.8,15.6,0
209.5,12.4,0
218.8,18.8,1
202.7,13.5,0
206.1,17.1,0
207.4,16.8,0
193.4,11.0,0
218.9,11.7,1
180.8,15.0,0
193.9,18.5,0
202.0,15.1,0
214.1,17.8,1
183.4,14.2,0
214.0,13.8,1
198.2,17.7,0
215.2,17.2,1
232.5,12.0,1
214.2,17.6,1
205.0,17.7,0
205.3,10.9,0
209.7,16.9,0
209.1,14.8,0
187.3,18.8,0
203.7,21.7,0
208.4,18.8,0
185.8,11.5,0
198.4,8.0,0
179.2,12.9,0
160.4,19.8,0
197.0,17.4,0
195.2,12.1,0
222.9,15.3,1
178.6,16.6,0
208.9,13.7,0
202.8,15.7,0
216.0,10.1,1
193.6,8.8,0
209.1,14.3,0
185.2,16.5,0
206.7,12.3,0
202.1,13.1,0
192.6,18.1,0
217.1,12.1,1
202.0,17.7,0
210.5,18.4,0
223.4,14.3,1
219.8,14.2,1
216.1,10.8,1
196.9,16.9,0
205.2,13.1,0
208.3,13.2,0
212.8,10.5,0
208.7,18.6,0
191.7,16.5,0
196.4,14.5,0
197.1,16.1,0
194.4,13.0,0
211.5,17.8,1
173.3,14.4,0
190.8,14.0,0
195.4,12.7,0
218.9,17.0,1
185.3,17.5,0
207.8,12.4,0
201.8,17.0,0
190.1,15.1,0
231.1,10.2,1
210.7,20.3,0
192.5,16.0,0
217.7,13.2,1
200.6,9.8,0
182.2,13.2,0
160.0,14.8,0
209.8,14.5,0
206.2,16.6,0
186.8,14.6,0
177.7,11.0,0
188.8,14.4,0
192.3,15.3,0
206.9,18.0,0
204.2,15.1,0
193.8,13.0,0
173.8,14.9,0
181.5,11.2,0
223.9,14.9,1
193.3,15.1,0
218.6,17.8,1
213.6,20.4,1
175.2,16.3,0
211.6,15.4,0
184.3,15.4,0
186.0,15.3,0
211.9,13.3,0
191.9,16.6,0
176.8,14.6,0
182.6,13.7,0
193.9,16.9,0
210.0,12.7,0
177.6,16.7,0
200.5,11.7,0
224.6,11.9,1
180.1,12.4,0
192.1,12.0,0
192.8,15.8,0
185.6,17.9,0
212.2,13.3,0
198.3,16.9,0
198.7,5.7,0
222.1,9.9,1
204.1,14.0,0
198.9,14.4,0
199.0,20.3,0
188.2,16.1,0
218.1,17.9,1
193.2,16.6,0
200.4,18.4,0
169.2,15.5,0
209.6,13.3,0
221.3,15.1,1
218.7,14.4,1
184.3,14.1,0
209.0,15.0,0
200.8,18.2,0
190.7,19.9,0
207.9,19.3,0
210.0,21.8,0
206.7,15.5,0
207.4,15.7,0
198.6,16.9,0
224.8,12.7,1
187.3,10.8,0
205.9,12.4,0
179.9,9.9,0
198.5,15.7,0
203.8,13.6,0
202.6,16.9,0
210.3,18.6,0
188.0,12.1,0
187.8,16.1,0
181.0,14.6,0
187.5,14.0,0
189.7,12.5,0
187.2,16.8,0
179.4,14.1,0
204.9,16.1,0
195.8,15.4,0
202.2,14.1,0
194.0,19.9,0
232.3,17.5,1
170.3,10.1,0
191.0,17.2,0
177.2,11.3,0
210.5,16.8,0
190.5,16.7,0
204.0,13.9,0
181.4,15.2,0
200.4,18.8,0
197.7,15.3,0
191.8,16.5,0
245.6,19.8,1
204.2,12.3,0
171.8,12.1,0
232.6,17.6,1
197.4,12.0,0
183.0,15.5,0
189.2,16.7,0
214.1,17.3,1
216.1,16.9,1
207.2,10.2,0
189.0,15.7,0
210.3,11.5,0
204.0,10.8,0
202.6,17.6,0
201.2,16.8,0
196.2,20.2,0
202.3,11.2,0
192.1,13.9,0
209.9,14.9,0
203.5,9.9,0
229.1,8.4,1
182.1,12.5,0
218.7,18.6,1
186.5,13.5,0
191.3,14.6,0
198.5,13.7,0
223.4,13.9,1
186.9,13.0,0
215.7,13.3,1
214.9,10.8,1
218.3,12.9,1
190.8,21.8,0
212.5,16.2,1
200.4,17.6,0
207.2,14.4,0
193.7,13.5,0
170.9,15.7,0
203.0,11.6,0
211.9,21.4,1
213.9,12.8,1
205.5,17.9,0
194.7,12.4,0
188.8,16.9,0
212.3,15.9,1
213.6,13.4,1
199.4,17.7,0
203.9,13.0,0
202.8,9.2,0
192.6,17.1,0
213.3,14.5,1
222.0,14.1,1
175.0,15.4,0
207.9,13.8,0
206.2,13.0,0
197.6,13.4,0
185.3,14.9,0
226.2,8.5,1
197.3,15.8,0
226.1,17.0,1
213.2,13.3,1
200.9,17.7,0
197.4,17.0,0
202.8,12.6,0
208.0,20.4,0
202.7,13.3,0
193.9,15.5,0
216.5,9.8,1
225.0,13.7,1
199.7,15.9,0
202.4,15.8,0
211.3,15.6,0
194.9,25.2,0
168.6,19.4,0
202.3,17.1,0
216.2,16.2,1
180.6,12.7,0
167.6,15.0,0
208.9,17.9,0
184.9,15.5,0
178.9,16.4,0
182.3,17.1,0
204.9,20.0,0
219.6,12.5,1
179.5,16.0,0
203.2,17.7,0
204.4,11.1,0
203.1,11.6,0
209.5,13.3,0
199.6,11.9,0
178.5,17.5,0
203.5,17.8,0
215.7,13.8,1
196.1,13.9,0
187.6,17.9,0
212.1,20.3,1
192.0,20.6,0
196.2,17.0,0
212.5,19.3,1
208.6,17.6,0
235.6,16.7,1
194.1,17.6,0
217.0,20.0,1
187.0,19.5,0
231.8,19.5,1
221.9,17.6,1
211.6,9.3,0
179.9,13.9,0
208.1,12.4,0
189.7,10.9,0
211.1,15.0,0
202.6,14.0,0
197.5,11.7,0
229.4,17.6,1
187.6,13.3,0
192.3,15.2,0
211.1,21.1,1
191.4,13.4,0
191.9,10.5,0
214.1,19.2,1
213.9,11.9,1
229.4,15.9,1
209.5,11.2,0
216.4,16.6,1
200.8,10.4,0
196.7,17.5,0
202.9,11.2,0
192.0,17.9,0
217.5,11.6,1
188.2,17.2,0
212.1,14.5,0
231.2,12.6,1
199.0,16.9,0
219.4,13.1,1
205.8,15.2,0
201.5,16.5,0
212.8,9.2,0
210.3,20.3,0
207.9,18.7,0
200.7,10.1,0
190.0,15.6,0
225.3,15.9,1
204.6,18.7,0
212.9,13.9,1
232.3,18.5,1
215.3,22.1,1
184.7,14.5,0
183.7,14.5,0
230.5,14.6,1
175.3,12.7,0
189.4,10.1,0
210.5,15.1,0
204.8,18.2,0
178.2,19.8,0
201.9,18.2,0
230.4,14.7,1
187.0,12.5,0
176.8,18.7,0
190.4,17.4,0
201.9,13.1,0
194.0,16.1,0
215.5,13.3,1
217.6,12.9,1
220.7,12.5,1
214.4,16.2,1
196.6,17.3,0
192.0,13.8,0
200.9,14.9,0
215.6,13.7,1
187.1,12.5,0
204.9,13.0,0
215.6,8.5,1
217.2,12.4,1
209.6,18.7,0
183.9,13.7,0
196.6,20.2,0
198.8,15.3,0
171.8,14.2,0
186.7,14.8,0
221.4,12.1,1
193.4,16.3,0
177.8,7.8,0
207.4,20.5,0
217.8,14.8,1
173.7,11.8,0
197.3,15.7,0
186.9,14.9,0
187.9,15.3,0
185.4,13.8,0
203.6,16.3,0
198.7,15.5,0
220.9,14.1,1
184.3,19.1,0
222.6,12.1,1
200.4,13.7,0
201.6,25.7,0
187.8,19.3,0
206.4,13.4,0
220.8,12.0,1
186.7,14.5,0
216.9,14.9,1
189.7,17.5,0
193.1,12.8,0
203.9,12.8,0
199.4,12.0,0
198.5,11.4,0
199.8,16.2,0
230.4,10.6,1
202.4,14.7,0
183.7,10.2,0
181.7,18.2,0
195.6,8.1,0
228.5,14.6,1
238.6,13.7,1
214.3,12.0,1
181.7,19.1,0
186.1,11.1,0
182.2,15.2,0
186.3,13.3,0
164.1,19.7,0
208.5,13.6,0
190.7,16.1,0
227.9,16.5,1
206.2,18.9,0
210.9,12.9,0
172.9,14.8,0
192.5,15.9,0
181.7,12.7,0
175.4,19.3,0
208.7,14.0,0
201.0,17.4,0
176.8,13.9,0
219.7,11.1,1
209.3,14.7,0
190.4,13.2,0
208.3,15.4,0
202.4,14.7,0
190.8,17.2,0
189.1,13.1,0
210.6,17.5,0
204.9,13.2,0
177.5,15.3,0
211.5,14.7,0
181.1,13.7,0
191.9,16.5,0
212.6,17.1,1
197.6,19.2,0
213.4,10.7,1
228.7,23.5,1
189.1,17.4,0
209.2,15.9,0
213.1,17.0,1
218.8,16.7,1
202.0,19.4,0
186.6,13.8,0
177.0,10.0,0
211.1,10.9,0
215.3,14.7,1
214.9,16.6,1
209.9,13.4,0
184.4,11.8,0
214.3,11.1,1
171.3,18.2,0
211.7,20.7,1
184.1,16.9,0
183.2,13.2,0
178.7,10.8,0
172.1,13.6,0
213.7,16.7,1
179.7,17.9,0
